url_a,url_b,score,severity,shared_terms
https://escortsbookings.com,https://escortsbookings.com/,1.0,high,"girls, dehradun, call, profile, gold, book, photos, whatsapp"
https://escortsbookings.com/dabody/other,https://escortsbookings.com/dadrink/no,1.0,high,"archives, dehradun, results, found, rajpur, call, road, escort"
https://escortsbookings.com/dabody/other,https://escortsbookings.com/daeyes/other,1.0,high,"archives, dehradun, results, found, rajpur, call, road, escort"
https://escortsbookings.com/dabody/other,https://escortsbookings.com/dasmoke/no,1.0,high,"archives, dehradun, results, found, rajpur, call, road, escort"
https://escortsbookings.com/dadrink/no,https://escortsbookings.com/daeyes/other,1.0,high,"archives, dehradun, results, found, rajpur, call, road, escort"
https://escortsbookings.com/dadrink/no,https://escortsbookings.com/dasmoke/no,1.0,high,"archives, dehradun, results, found, rajpur, call, road, escort"
https://escortsbookings.com/dadrink/yes,https://escortsbookings.com/dasmoke/yes,1.0,high,"yes, archives, dehradun, results, found, rajpur, call, road"
https://escortsbookings.com/daeyes/black,https://escortsbookings.com/dahair/black,1.0,high,"black, archives, dehradun, results, found, rajpur, call, road"
https://escortsbookings.com/daeyes/other,https://escortsbookings.com/dasmoke/no,1.0,high,"archives, dehradun, results, found, rajpur, call, road, escort"
https://escortsbookings.com/privacy,https://escortsbookings.com/privacy-policy,1.0,high,"data, cookies, may, information, personal, use, service, device"
https://escortsbookings.com/dabody/other,https://escortsbookings.com/dathnicity/indian,0.9243,high,"archives, dehradun, results, found, rajpur, call, road, fun"
https://escortsbookings.com/dadrink/no,https://escortsbookings.com/dathnicity/indian,0.9243,high,"archives, dehradun, results, found, rajpur, call, road, fun"
https://escortsbookings.com/daeyes/other,https://escortsbookings.com/dathnicity/indian,0.9243,high,"archives, dehradun, results, found, rajpur, call, road, fun"
https://escortsbookings.com/dasmoke/no,https://escortsbookings.com/dathnicity/indian,0.9243,high,"archives, dehradun, results, found, rajpur, call, road, fun"
https://escortsbookings.com/dabody/other,https://escortsbookings.com/dadrink/yes,0.9199,high,"archives, dehradun, results, found, rajpur, call, road, escort"
https://escortsbookings.com/dabody/other,https://escortsbookings.com/dasmoke/yes,0.9199,high,"archives, dehradun, results, found, rajpur, call, road, escort"
https://escortsbookings.com/dadrink/no,https://escortsbookings.com/dadrink/yes,0.9199,high,"archives, dehradun, results, found, rajpur, call, road, escort"
https://escortsbookings.com/dadrink/no,https://escortsbookings.com/dasmoke/yes,0.9199,high,"archives, dehradun, results, found, rajpur, call, road, escort"
https://escortsbookings.com/dadrink/yes,https://escortsbookings.com/daeyes/other,0.9199,high,"archives, dehradun, results, found, rajpur, call, road, escort"
https://escortsbookings.com/dadrink/yes,https://escortsbookings.com/dasmoke/no,0.9199,high,"archives, dehradun, results, found, rajpur, call, road, escort"
https://escortsbookings.com/daeyes/other,https://escortsbookings.com/dasmoke/yes,0.9199,high,"archives, dehradun, results, found, rajpur, call, road, escort"
https://escortsbookings.com/dasmoke/no,https://escortsbookings.com/dasmoke/yes,0.9199,high,"archives, dehradun, results, found, rajpur, call, road, escort"
https://escortsbookings.com/dabody/other,https://escortsbookings.com/daeyes/black,0.9166,high,"archives, dehradun, results, found, rajpur, call, road, escort"
https://escortsbookings.com/dabody/other,https://escortsbookings.com/dahair/black,0.9166,high,"archives, dehradun, results, found, rajpur, call, road, escort"
https://escortsbookings.com/dabody/other,https://escortsbookings.com/dasexuality/straight,0.9166,high,"archives, dehradun, results, found, rajpur, call, road, escort"
https://escortsbookings.com/dadrink/no,https://escortsbookings.com/daeyes/black,0.9166,high,"archives, dehradun, results, found, rajpur, call, road, escort"
https://escortsbookings.com/dadrink/no,https://escortsbookings.com/dahair/black,0.9166,high,"archives, dehradun, results, found, rajpur, call, road, escort"
https://escortsbookings.com/dadrink/no,https://escortsbookings.com/dasexuality/straight,0.9166,high,"archives, dehradun, results, found, rajpur, call, road, escort"
https://escortsbookings.com/daeyes/black,https://escortsbookings.com/daeyes/other,0.9166,high,"archives, dehradun, results, found, rajpur, call, road, escort"
https://escortsbookings.com/daeyes/black,https://escortsbookings.com/dasmoke/no,0.9166,high,"archives, dehradun, results, found, rajpur, call, road, escort"
https://escortsbookings.com/daeyes/other,https://escortsbookings.com/dahair/black,0.9166,high,"archives, dehradun, results, found, rajpur, call, road, escort"
https://escortsbookings.com/daeyes/other,https://escortsbookings.com/dasexuality/straight,0.9166,high,"archives, dehradun, results, found, rajpur, call, road, escort"
https://escortsbookings.com/dahair/black,https://escortsbookings.com/dasmoke/no,0.9166,high,"archives, dehradun, results, found, rajpur, call, road, escort"
https://escortsbookings.com/dasexuality/straight,https://escortsbookings.com/dasmoke/no,0.9166,high,"archives, dehradun, results, found, rajpur, call, road, escort"
https://escortsbookings.com/dabody/other,https://escortsbookings.com/dagender/female-escort,0.911,high,"archives, dehradun, results, escort, found, rajpur, call, road"
https://escortsbookings.com/dadrink/no,https://escortsbookings.com/dagender/female-escort,0.911,high,"archives, dehradun, results, escort, found, rajpur, call, road"
https://escortsbookings.com/daeyes/other,https://escortsbookings.com/dagender/female-escort,0.911,high,"archives, dehradun, results, escort, found, rajpur, call, road"
https://escortsbookings.com/dagender/female-escort,https://escortsbookings.com/dasmoke/no,0.911,high,"archives, dehradun, results, escort, found, rajpur, call, road"
https://escortsbookings.com/dabody/other,https://escortsbookings.com/dabody/slim,0.9055,high,"archives, dehradun, results, found, rajpur, call, road, escort"
https://escortsbookings.com/dabody/slim,https://escortsbookings.com/dadrink/no,0.9055,high,"archives, dehradun, results, found, rajpur, call, road, escort"
https://escortsbookings.com/dabody/slim,https://escortsbookings.com/daeyes/other,0.9055,high,"archives, dehradun, results, found, rajpur, call, road, escort"
https://escortsbookings.com/dabody/slim,https://escortsbookings.com/dasmoke/no,0.9055,high,"archives, dehradun, results, found, rajpur, call, road, escort"
https://escortsbookings.com/dabody/other,https://escortsbookings.com/dahair/brown,0.8813,high,"archives, dehradun, results, found, rajpur, call, road, escort"
https://escortsbookings.com/dadrink/no,https://escortsbookings.com/dahair/brown,0.8813,high,"archives, dehradun, results, found, rajpur, call, road, escort"
https://escortsbookings.com/daeyes/other,https://escortsbookings.com/dahair/brown,0.8813,high,"archives, dehradun, results, found, rajpur, call, road, escort"
https://escortsbookings.com/dahair/brown,https://escortsbookings.com/dasmoke/no,0.8813,high,"archives, dehradun, results, found, rajpur, call, road, escort"
https://escortsbookings.com/dabody/average,https://escortsbookings.com/dabody/other,0.8753,high,"archives, dehradun, results, found, rajpur, call, road, escort"
https://escortsbookings.com/dabody/average,https://escortsbookings.com/dadrink/no,0.8753,high,"archives, dehradun, results, found, rajpur, call, road, escort"
https://escortsbookings.com/dabody/average,https://escortsbookings.com/daeyes/other,0.8753,high,"archives, dehradun, results, found, rajpur, call, road, escort"
https://escortsbookings.com/dabody/average,https://escortsbookings.com/dasmoke/no,0.8753,high,"archives, dehradun, results, found, rajpur, call, road, escort"
https://escortsbookings.com/dabody/other,https://escortsbookings.com/dathnicity/russian,0.8735,high,"archives, dehradun, results, found, rajpur, call, road, fun"
https://escortsbookings.com/dadrink/no,https://escortsbookings.com/dathnicity/russian,0.8735,high,"archives, dehradun, results, found, rajpur, call, road, fun"
https://escortsbookings.com/daeyes/other,https://escortsbookings.com/dathnicity/russian,0.8735,high,"archives, dehradun, results, found, rajpur, call, road, fun"
https://escortsbookings.com/dasmoke/no,https://escortsbookings.com/dathnicity/russian,0.8735,high,"archives, dehradun, results, found, rajpur, call, road, fun"
https://escortsbookings.com/dabody/other,https://escortsbookings.com/dathnicity/mixed,0.8669,high,"archives, dehradun, results, found, rajpur, call, road, fun"
https://escortsbookings.com/dadrink/no,https://escortsbookings.com/dathnicity/mixed,0.8669,high,"archives, dehradun, results, found, rajpur, call, road, fun"
https://escortsbookings.com/daeyes/other,https://escortsbookings.com/dathnicity/mixed,0.8669,high,"archives, dehradun, results, found, rajpur, call, road, fun"
https://escortsbookings.com/dasmoke/no,https://escortsbookings.com/dathnicity/mixed,0.8669,high,"archives, dehradun, results, found, rajpur, call, road, fun"
https://escortsbookings.com/dadrink/yes,https://escortsbookings.com/dathnicity/indian,0.8503,high,"archives, dehradun, results, found, rajpur, call, road, fun"
https://escortsbookings.com/dasmoke/yes,https://escortsbookings.com/dathnicity/indian,0.8503,high,"archives, dehradun, results, found, rajpur, call, road, fun"
https://escortsbookings.com/daeyes/black,https://escortsbookings.com/dathnicity/indian,0.8472,high,"archives, dehradun, results, found, rajpur, call, road, fun"
https://escortsbookings.com/dahair/black,https://escortsbookings.com/dathnicity/indian,0.8472,high,"archives, dehradun, results, found, rajpur, call, road, fun"
https://escortsbookings.com/dasexuality/straight,https://escortsbookings.com/dathnicity/indian,0.8472,high,"archives, dehradun, results, found, rajpur, call, road, fun"
https://escortsbookings.com/dadrink/yes,https://escortsbookings.com/daeyes/black,0.8432,high,"archives, dehradun, results, found, rajpur, call, road, escort"
https://escortsbookings.com/dadrink/yes,https://escortsbookings.com/dahair/black,0.8432,high,"archives, dehradun, results, found, rajpur, call, road, escort"
https://escortsbookings.com/dadrink/yes,https://escortsbookings.com/dasexuality/straight,0.8432,high,"archives, dehradun, results, found, rajpur, call, road, escort"
https://escortsbookings.com/daeyes/black,https://escortsbookings.com/dasmoke/yes,0.8432,high,"archives, dehradun, results, found, rajpur, call, road, escort"
https://escortsbookings.com/dahair/black,https://escortsbookings.com/dasmoke/yes,0.8432,high,"archives, dehradun, results, found, rajpur, call, road, escort"
https://escortsbookings.com/dasexuality/straight,https://escortsbookings.com/dasmoke/yes,0.8432,high,"archives, dehradun, results, found, rajpur, call, road, escort"
https://escortsbookings.com/dagender/female-escort,https://escortsbookings.com/dathnicity/indian,0.8421,high,"archives, dehradun, results, escort, found, rajpur, call, road"
https://escortsbookings.com/daeyes/black,https://escortsbookings.com/dasexuality/straight,0.8402,high,"archives, dehradun, results, found, rajpur, call, road, escort"
https://escortsbookings.com/dahair/black,https://escortsbookings.com/dasexuality/straight,0.8402,high,"archives, dehradun, results, found, rajpur, call, road, escort"
https://escortsbookings.com/dadrink/yes,https://escortsbookings.com/dagender/female-escort,0.8381,high,"archives, dehradun, results, escort, found, rajpur, call, road"
https://escortsbookings.com/dagender/female-escort,https://escortsbookings.com/dasmoke/yes,0.8381,high,"archives, dehradun, results, escort, found, rajpur, call, road"
https://escortsbookings.com/dabody/slim,https://escortsbookings.com/dathnicity/indian,0.837,high,"archives, dehradun, results, found, rajpur, call, road, fun"
https://escortsbookings.com/daeyes/black,https://escortsbookings.com/dagender/female-escort,0.8351,high,"archives, dehradun, results, escort, found, rajpur, call, road"
https://escortsbookings.com/dagender/female-escort,https://escortsbookings.com/dahair/black,0.8351,high,"archives, dehradun, results, escort, found, rajpur, call, road"
https://escortsbookings.com/dagender/female-escort,https://escortsbookings.com/dasexuality/straight,0.8351,high,"archives, dehradun, results, escort, found, rajpur, call, road"
https://escortsbookings.com/dabody/slim,https://escortsbookings.com/dadrink/yes,0.833,high,"archives, dehradun, results, found, rajpur, call, road, escort"
https://escortsbookings.com/dabody/slim,https://escortsbookings.com/dasmoke/yes,0.833,high,"archives, dehradun, results, found, rajpur, call, road, escort"
https://escortsbookings.com/dabody/slim,https://escortsbookings.com/daeyes/black,0.83,high,"archives, dehradun, results, found, rajpur, call, road, escort"
https://escortsbookings.com/dabody/slim,https://escortsbookings.com/dahair/black,0.83,high,"archives, dehradun, results, found, rajpur, call, road, escort"
https://escortsbookings.com/dabody/slim,https://escortsbookings.com/dasexuality/straight,0.83,high,"archives, dehradun, results, found, rajpur, call, road, escort"
https://escortsbookings.com/dabody/slim,https://escortsbookings.com/dagender/female-escort,0.825,high,"archives, dehradun, results, escort, found, rajpur, call, road"
https://escortsbookings.com/dahair/brown,https://escortsbookings.com/dathnicity/indian,0.8146,high,"archives, dehradun, results, found, rajpur, call, road, fun"
https://escortsbookings.com/dabody/big-and-lovely,https://escortsbookings.com/dabody/other,0.8115,high,"archives, dehradun, results, found, rajpur, call, road, escort"
https://escortsbookings.com/dabody/big-and-lovely,https://escortsbookings.com/dadrink/no,0.8115,high,"archives, dehradun, results, found, rajpur, call, road, escort"
https://escortsbookings.com/dabody/big-and-lovely,https://escortsbookings.com/daeyes/other,0.8115,high,"archives, dehradun, results, found, rajpur, call, road, escort"
https://escortsbookings.com/dabody/big-and-lovely,https://escortsbookings.com/dasmoke/no,0.8115,high,"archives, dehradun, results, found, rajpur, call, road, escort"
https://escortsbookings.com/dadrink/yes,https://escortsbookings.com/dahair/brown,0.8107,high,"archives, dehradun, results, found, rajpur, call, road, escort"
https://escortsbookings.com/dahair/brown,https://escortsbookings.com/dasmoke/yes,0.8107,high,"archives, dehradun, results, found, rajpur, call, road, escort"
https://escortsbookings.com/dathnicity/indian,https://escortsbookings.com/dathnicity/russian,0.81,high,"archives, dehradun, results, found, rajpur, call, road, fun"
https://escortsbookings.com/dabody/average,https://escortsbookings.com/dathnicity/indian,0.809,high,"archives, dehradun, results, found, rajpur, call, road, fun"
https://escortsbookings.com/daeyes/black,https://escortsbookings.com/dahair/brown,0.8078,high,"archives, dehradun, results, found, rajpur, call, road, escort"
https://escortsbookings.com/dahair/black,https://escortsbookings.com/dahair/brown,0.8078,high,"archives, dehradun, results, found, rajpur, call, road, escort"
https://escortsbookings.com/dahair/brown,https://escortsbookings.com/dasexuality/straight,0.8078,high,"archives, dehradun, results, found, rajpur, call, road, escort"
https://escortsbookings.com/dabody/average,https://escortsbookings.com/dadrink/yes,0.8052,high,"archives, dehradun, results, found, rajpur, call, road, escort"
https://escortsbookings.com/dabody/average,https://escortsbookings.com/dasmoke/yes,0.8052,high,"archives, dehradun, results, found, rajpur, call, road, escort"
https://escortsbookings.com/dathnicity/indian,https://escortsbookings.com/dathnicity/mixed,0.8038,high,"archives, dehradun, results, found, rajpur, call, road, fun"
https://escortsbookings.com/dadrink/yes,https://escortsbookings.com/dathnicity/russian,0.8036,high,"archives, dehradun, results, found, rajpur, call, road, fun"
https://escortsbookings.com/dasmoke/yes,https://escortsbookings.com/dathnicity/russian,0.8036,high,"archives, dehradun, results, found, rajpur, call, road, fun"
https://escortsbookings.com/dagender/female-escort,https://escortsbookings.com/dahair/brown,0.8029,high,"archives, dehradun, results, escort, found, rajpur, call, road"
https://escortsbookings.com/dabody/average,https://escortsbookings.com/daeyes/black,0.8023,high,"archives, dehradun, results, found, rajpur, call, road, escort"
https://escortsbookings.com/dabody/average,https://escortsbookings.com/dahair/black,0.8023,high,"archives, dehradun, results, found, rajpur, call, road, escort"
https://escortsbookings.com/dabody/average,https://escortsbookings.com/dasexuality/straight,0.8023,high,"archives, dehradun, results, found, rajpur, call, road, escort"
https://escortsbookings.com/daeyes/black,https://escortsbookings.com/dathnicity/russian,0.8007,high,"archives, dehradun, results, found, rajpur, call, road, fun"
https://escortsbookings.com/dahair/black,https://escortsbookings.com/dathnicity/russian,0.8007,high,"archives, dehradun, results, found, rajpur, call, road, fun"
https://escortsbookings.com/dasexuality/straight,https://escortsbookings.com/dathnicity/russian,0.8007,high,"archives, dehradun, results, found, rajpur, call, road, fun"
https://escortsbookings.com/dabody/slim,https://escortsbookings.com/dahair/brown,0.798,high,"archives, dehradun, results, found, rajpur, call, road, escort"
https://escortsbookings.com/dadrink/yes,https://escortsbookings.com/dathnicity/mixed,0.7975,high,"archives, dehradun, results, found, rajpur, call, road, fun"
https://escortsbookings.com/dasmoke/yes,https://escortsbookings.com/dathnicity/mixed,0.7975,high,"archives, dehradun, results, found, rajpur, call, road, fun"
https://escortsbookings.com/dabody/average,https://escortsbookings.com/dagender/female-escort,0.7974,high,"archives, dehradun, results, escort, found, rajpur, call, road"
https://escortsbookings.com/dagender/female-escort,https://escortsbookings.com/dathnicity/russian,0.7959,high,"archives, dehradun, results, escort, found, rajpur, call, road"
https://escortsbookings.com/daeyes/black,https://escortsbookings.com/dathnicity/mixed,0.7946,high,"archives, dehradun, results, found, rajpur, call, road, fun"
https://escortsbookings.com/dahair/black,https://escortsbookings.com/dathnicity/mixed,0.7946,high,"archives, dehradun, results, found, rajpur, call, road, fun"
https://escortsbookings.com/dasexuality/straight,https://escortsbookings.com/dathnicity/mixed,0.7946,high,"archives, dehradun, results, found, rajpur, call, road, fun"
https://escortsbookings.com/dabody/average,https://escortsbookings.com/dabody/slim,0.7926,high,"archives, dehradun, results, found, rajpur, call, road, escort"
https://escortsbookings.com/dabody/slim,https://escortsbookings.com/dathnicity/russian,0.791,high,"archives, dehradun, results, found, rajpur, call, road, fun"
https://escortsbookings.com/dagender/female-escort,https://escortsbookings.com/dathnicity/mixed,0.7899,high,"archives, dehradun, results, escort, found, rajpur, call, road"
https://escortsbookings.com/dabody/slim,https://escortsbookings.com/dathnicity/mixed,0.785,high,"archives, dehradun, results, found, rajpur, call, road, fun"
https://escortsbookings.com/dabody/average,https://escortsbookings.com/dahair/brown,0.7714,high,"archives, dehradun, results, found, rajpur, call, road, escort"
https://escortsbookings.com/dahair/brown,https://escortsbookings.com/dathnicity/russian,0.7698,high,"archives, dehradun, results, found, rajpur, call, road, fun"
https://escortsbookings.com/dabody/average,https://escortsbookings.com/dathnicity/russian,0.7646,high,"archives, dehradun, results, found, rajpur, call, road, fun"
https://escortsbookings.com/dahair/brown,https://escortsbookings.com/dathnicity/mixed,0.764,high,"archives, dehradun, results, found, rajpur, call, road, fun"
https://escortsbookings.com/dathnicity/mixed,https://escortsbookings.com/dathnicity/russian,0.7597,high,"archives, dehradun, results, found, rajpur, call, road, fun"
https://escortsbookings.com/dabody/average,https://escortsbookings.com/dathnicity/mixed,0.7588,high,"archives, dehradun, results, found, rajpur, call, road, fun"
https://escortsbookings.com/dabody/big-and-lovely,https://escortsbookings.com/dathnicity/indian,0.7501,high,"archives, dehradun, results, found, rajpur, call, road, fun"
https://escortsbookings.com/dabody/big-and-lovely,https://escortsbookings.com/dadrink/yes,0.7465,medium,"archives, dehradun, results, found, rajpur, call, road, escort"
https://escortsbookings.com/dabody/big-and-lovely,https://escortsbookings.com/dasmoke/yes,0.7465,medium,"archives, dehradun, results, found, rajpur, call, road, escort"
https://escortsbookings.com/dabody/big-and-lovely,https://escortsbookings.com/daeyes/black,0.7439,medium,"archives, dehradun, results, found, rajpur, call, road, escort"
https://escortsbookings.com/dabody/big-and-lovely,https://escortsbookings.com/dahair/black,0.7439,medium,"archives, dehradun, results, found, rajpur, call, road, escort"
https://escortsbookings.com/dabody/big-and-lovely,https://escortsbookings.com/dasexuality/straight,0.7439,medium,"archives, dehradun, results, found, rajpur, call, road, escort"
https://escortsbookings.com/dabody/big-and-lovely,https://escortsbookings.com/dagender/female-escort,0.7393,medium,"archives, dehradun, results, escort, found, rajpur, call, road"
https://escortsbookings.com/dabody/big-and-lovely,https://escortsbookings.com/dabody/slim,0.7349,medium,"archives, dehradun, results, found, rajpur, call, road, escort"
https://escortsbookings.com/dabody/big-and-lovely,https://escortsbookings.com/dahair/brown,0.7152,medium,"archives, dehradun, results, found, rajpur, call, road, escort"
https://escortsbookings.com/dabody/average,https://escortsbookings.com/dabody/big-and-lovely,0.7103,medium,"archives, dehradun, results, found, rajpur, call, road, escort"
https://escortsbookings.com/dabody/big-and-lovely,https://escortsbookings.com/dathnicity/russian,0.7089,medium,"archives, dehradun, results, found, rajpur, call, road, fun"
https://escortsbookings.com/dabody/big-and-lovely,https://escortsbookings.com/dathnicity/mixed,0.7035,medium,"archives, dehradun, results, found, rajpur, call, road, fun"
https://escortsbookings.com/?s=,https://escortsbookings.com/dabody/other,0.6966,medium,"dehradun, results, found, rajpur, call, road, fun, girls"
https://escortsbookings.com/?s=,https://escortsbookings.com/dadrink/no,0.6966,medium,"dehradun, results, found, rajpur, call, road, fun, girls"
https://escortsbookings.com/?s=,https://escortsbookings.com/daeyes/other,0.6966,medium,"dehradun, results, found, rajpur, call, road, fun, girls"
https://escortsbookings.com/?s=,https://escortsbookings.com/dasmoke/no,0.6966,medium,"dehradun, results, found, rajpur, call, road, fun, girls"
https://escortsbookings.com/escortgirls/nisha-jakhan-affordable-call-girls-24x7-cash-payment-real-photos,https://escortsbookings.com/escortgirls/nithya-clock-tower-escort-service-24-7-genuine-call-girls-real-photos,0.6533,medium,"photos, real, dehradun, call, girls, black, nisha, color"
https://escortsbookings.com/?s=,https://escortsbookings.com/dathnicity/indian,0.6435,medium,"dehradun, results, found, rajpur, call, road, fun, girls"
https://escortsbookings.com/escortgirls/chanda-affordable-escort-in-rajpur-%e2%82%b92-7k-genuine-photos-secure-whatsapp,https://escortsbookings.com/escortgirls/nithya-clock-tower-escort-service-24-7-genuine-call-girls-real-photos,0.6413,medium,"photos, dehradun, call, genuine, escort, black, girls, whatsapp"
https://escortsbookings.com/?s=,https://escortsbookings.com/dadrink/yes,0.6408,medium,"dehradun, results, found, rajpur, call, road, fun, girls"
https://escortsbookings.com/?s=,https://escortsbookings.com/dasmoke/yes,0.6408,medium,"dehradun, results, found, rajpur, call, road, fun, girls"
https://escortsbookings.com/?s=,https://escortsbookings.com/dagender/female-escort,0.6389,medium,"dehradun, results, escort, found, rajpur, call, road, fun"
https://escortsbookings.com/?s=,https://escortsbookings.com/daeyes/black,0.6385,medium,"dehradun, results, found, rajpur, call, road, fun, girls"
https://escortsbookings.com/?s=,https://escortsbookings.com/dahair/black,0.6385,medium,"dehradun, results, found, rajpur, call, road, fun, girls"
https://escortsbookings.com/?s=,https://escortsbookings.com/dasexuality/straight,0.6385,medium,"dehradun, results, found, rajpur, call, road, fun, girls"
https://escortsbookings.com/?s=,https://escortsbookings.com/dabody/slim,0.6308,medium,"dehradun, results, found, rajpur, call, road, fun, girls"
https://escortsbookings.com/?s=,https://escortsbookings.com/dahair/brown,0.6139,medium,"dehradun, results, found, rajpur, call, road, fun, girls"
https://escortsbookings.com/?s=,https://escortsbookings.com/dabody/average,0.6097,medium,"dehradun, results, found, rajpur, call, road, fun, girls"
https://escortsbookings.com/?s=,https://escortsbookings.com/dathnicity/russian,0.6082,medium,"dehradun, results, found, rajpur, call, road, fun, girls"
https://escortsbookings.com/?s=,https://escortsbookings.com/dathnicity/mixed,0.6036,medium,"dehradun, results, found, rajpur, call, road, fun, girls"
https://escortsbookings.com/category/russian-escorts,https://escortsbookings.com/dathnicity/russian,0.6005,medium,"russian, dehradun, escorts, results, found, fun, girls, escort"
https://escortsbookings.com/escortgirls/advika-book-call-girls-now-%e2%9c%85-genuine-whatsapp-cash-payment,https://escortsbookings.com/escortgirls/nisha-jakhan-affordable-call-girls-24x7-cash-payment-real-photos,0.5981,medium,"cash, payment, dehradun, call, girls, photos, black, gold"
https://escortsbookings.com/escortgirls/priya-call-girls-in-brahmanwala-%e2%98%8e%ef%b8%8f-100-verified-whatsapp-numbers-%e2%82%b92k,https://escortsbookings.com/escortgirls/shanaya-escort-service-near-me-%f0%9f%8c%9f-book-vip-call-girls-near-you,0.5882,medium,"near, dehradun, call, whatsapp, girls, black, color, gold"
https://escortsbookings.com/escortgirls/nithya-clock-tower-escort-service-24-7-genuine-call-girls-real-photos,https://escortsbookings.com/escortgirls/oeshi-ballupur-russian-escorts-%f0%9f%8c%9f-100-verified-%e2%82%b93800-whatsapp-photos,0.5877,medium,"photos, dehradun, real, whatsapp, call, girls, escort, black"
https://escortsbookings.com/escortgirls/laharika-verified-call-girls-in-race-course-%f0%9f%94%90-whatsapp-verified,https://escortsbookings.com/escortgirls/shanaya-escort-service-near-me-%f0%9f%8c%9f-book-vip-call-girls-near-you,0.5831,medium,"dehradun, near, call, girls, whatsapp, black, verified, escort"
https://escortsbookings.com/escortgirls/nithya-clock-tower-escort-service-24-7-genuine-call-girls-real-photos,https://escortsbookings.com/escortgirls/shreya-dharampur-call-girl-service-%e2%82%b93500-genuine-photos-phone-numbers,0.5818,medium,"photos, call, dehradun, genuine, black, gold, girls, escort"
https://escortsbookings.com/escortgirls/advika-book-call-girls-now-%e2%9c%85-genuine-whatsapp-cash-payment,https://escortsbookings.com/escortgirls/tanvi-jogiwala-top-escorts-100-real-call-girls-whatsapp-photos-%e2%82%b93k-cod,0.5799,medium,"whatsapp, dehradun, call, girls, gold, black, tanvi, color"
https://escortsbookings.com/escortgirls/aisha-dalanwala-call-girls-%e2%98%8e%ef%b8%8f-100-verified-%e2%82%b92-5k-photos-numbers,https://escortsbookings.com/escortgirls/shreya-dharampur-call-girl-service-%e2%82%b93500-genuine-photos-phone-numbers,0.5794,medium,"photos, numbers, dehradun, call, black, shreya, color, dharampur"
https://escortsbookings.com/escortgirls/chanda-affordable-escort-in-rajpur-%e2%82%b92-7k-genuine-photos-secure-whatsapp,https://escortsbookings.com/escortgirls/laharika-verified-call-girls-in-race-course-%f0%9f%94%90-whatsapp-verified,0.5721,medium,"whatsapp, dehradun, call, photos, black, girls, escort, chanda"
https://escortsbookings.com/escortgirls/amara-trusted-gms-road-services-%e2%9c%85-real-call-girls-photos-whatsapp-contact,https://escortsbookings.com/escortgirls/kashish-vikas-nagar-elite-escorts-%e2%9d%a4%ef%b8%8f-affordable-trusted-services,0.5709,medium,"trusted, dehradun, services, black, call, vikas, nagar, kashish"
https://escortsbookings.com/escortgirls/aisha-dalanwala-call-girls-%e2%98%8e%ef%b8%8f-100-verified-%e2%82%b92-5k-photos-numbers,https://escortsbookings.com/escortgirls/mohini-banjarawala-independent-escorts-%e2%9c%a8-real-photos-24x7-bookings-%e2%82%b93-6k,0.5685,medium,"photos, dehradun, black, call, mohini, banjarawala, color, girls"
https://escortsbookings.com/escortgirls/laharika-verified-call-girls-in-race-course-%f0%9f%94%90-whatsapp-verified,https://escortsbookings.com/escortgirls/nithya-clock-tower-escort-service-24-7-genuine-call-girls-real-photos,0.5682,medium,"dehradun, call, girls, photos, black, whatsapp, escort, laharika"
https://escortsbookings.com/escortgirls/aisha-dalanwala-call-girls-%e2%98%8e%ef%b8%8f-100-verified-%e2%82%b92-5k-photos-numbers,https://escortsbookings.com/escortgirls/priya-call-girls-in-brahmanwala-%e2%98%8e%ef%b8%8f-100-verified-whatsapp-numbers-%e2%82%b92k,0.5654,medium,"numbers, dehradun, call, black, girls, color, photos, verified"
https://escortsbookings.com/escortgirls/amara-trusted-gms-road-services-%e2%9c%85-real-call-girls-photos-whatsapp-contact,https://escortsbookings.com/escortgirls/oeshi-ballupur-russian-escorts-%f0%9f%8c%9f-100-verified-%e2%82%b93800-whatsapp-photos,0.5654,medium,"whatsapp, photos, dehradun, call, black, real, girls, color"
https://escortsbookings.com/?s=,https://escortsbookings.com/dabody/big-and-lovely,0.5653,medium,"dehradun, results, found, rajpur, call, road, fun, girls"
https://escortsbookings.com/escortgirls/chanda-affordable-escort-in-rajpur-%e2%82%b92-7k-genuine-photos-secure-whatsapp,https://escortsbookings.com/escortgirls/priya-call-girls-in-brahmanwala-%e2%98%8e%ef%b8%8f-100-verified-whatsapp-numbers-%e2%82%b92k,0.5616,medium,"dehradun, whatsapp, call, black, color, escort, girls, gold"
https://escortsbookings.com/escortgirls/aisha-dalanwala-call-girls-%e2%98%8e%ef%b8%8f-100-verified-%e2%82%b92-5k-photos-numbers,https://escortsbookings.com/escortgirls/nithya-clock-tower-escort-service-24-7-genuine-call-girls-real-photos,0.5605,medium,"photos, dehradun, call, girls, black, color, real, escort"
https://escortsbookings.com/escortgirls/kritika-affordable-doiwala-escorts-%f0%9f%92%b8-%e2%82%b93100-verified-profiles,https://escortsbookings.com/escortgirls/nikita-garhi-cantt-vip-call-girls-%f0%9f%94%90-verified-safe-instant-whatsapp,0.5548,medium,"dehradun, black, call, whatsapp, gold, girls, color, nikita"
https://escortsbookings.com/escortgirls/advika-book-call-girls-now-%e2%9c%85-genuine-whatsapp-cash-payment,https://escortsbookings.com/escortgirls/nithya-clock-tower-escort-service-24-7-genuine-call-girls-real-photos,0.5546,medium,"dehradun, call, girls, whatsapp, black, genuine, photos, gold"
https://escortsbookings.com/escortgirls/nikita-garhi-cantt-vip-call-girls-%f0%9f%94%90-verified-safe-instant-whatsapp,https://escortsbookings.com/escortgirls/nithya-clock-tower-escort-service-24-7-genuine-call-girls-real-photos,0.5533,medium,"dehradun, call, girls, black, photos, whatsapp, escort, color"
https://escortsbookings.com/escortgirls/nisha-jakhan-affordable-call-girls-24x7-cash-payment-real-photos,https://escortsbookings.com/escortgirls/sanya-karanpur-premium-escorts-%e2%9d%a4%ef%b8%8f-real-photos-safe-booking-instant-whatsa,0.5524,medium,"photos, real, dehradun, color, call, sanya, black, whatsa"
https://escortsbookings.com/escortgirls/chanda-affordable-escort-in-rajpur-%e2%82%b92-7k-genuine-photos-secure-whatsapp,https://escortsbookings.com/escortgirls/shreya-dharampur-call-girl-service-%e2%82%b93500-genuine-photos-phone-numbers,0.5521,medium,"genuine, photos, dehradun, call, black, escort, gold, service"
https://escortsbookings.com/escortgirls/chanda-affordable-escort-in-rajpur-%e2%82%b92-7k-genuine-photos-secure-whatsapp,https://escortsbookings.com/escortgirls/shanaya-escort-service-near-me-%f0%9f%8c%9f-book-vip-call-girls-near-you,0.5515,medium,"near, dehradun, whatsapp, call, escort, black, girls, color"
https://escortsbookings.com/escortgirls/amara-trusted-gms-road-services-%e2%9c%85-real-call-girls-photos-whatsapp-contact,https://escortsbookings.com/escortgirls/priya-call-girls-in-brahmanwala-%e2%98%8e%ef%b8%8f-100-verified-whatsapp-numbers-%e2%82%b92k,0.5492,low,"dehradun, whatsapp, call, black, girls, color, gold, eyes"
https://escortsbookings.com/escortgirls/kritika-affordable-doiwala-escorts-%f0%9f%92%b8-%e2%82%b93100-verified-profiles,https://escortsbookings.com/escortgirls/nimrat-trusted-call-girls-ajabpur-kalan-%e2%ad%90-24-7-service-genuine-whatsapp,0.5485,low,"dehradun, gold, whatsapp, genuine, call, nimrat, kritika, ajabpur"
https://escortsbookings.com/escortgirls/nikita-garhi-cantt-vip-call-girls-%f0%9f%94%90-verified-safe-instant-whatsapp,https://escortsbookings.com/escortgirls/tanvi-jogiwala-top-escorts-100-real-call-girls-whatsapp-photos-%e2%82%b93k-cod,0.5481,low,"dehradun, whatsapp, call, girls, black, gold, vip, color"
https://escortsbookings.com/escortgirls/nithya-clock-tower-escort-service-24-7-genuine-call-girls-real-photos,https://escortsbookings.com/escortgirls/priya-call-girls-in-brahmanwala-%e2%98%8e%ef%b8%8f-100-verified-whatsapp-numbers-%e2%82%b92k,0.5481,low,"dehradun, call, girls, indian, black, color, whatsapp, gold"
https://escortsbookings.com/escortgirls/amara-trusted-gms-road-services-%e2%9c%85-real-call-girls-photos-whatsapp-contact,https://escortsbookings.com/escortgirls/nithya-clock-tower-escort-service-24-7-genuine-call-girls-real-photos,0.5474,low,"call, photos, dehradun, girls, real, black, whatsapp, color"
https://escortsbookings.com/escortgirls/nikita-garhi-cantt-vip-call-girls-%f0%9f%94%90-verified-safe-instant-whatsapp,https://escortsbookings.com/escortgirls/shanaya-escort-service-near-me-%f0%9f%8c%9f-book-vip-call-girls-near-you,0.5467,low,"dehradun, call, girls, whatsapp, vip, black, escort, color"
https://escortsbookings.com/escortgirls/oeshi-ballupur-russian-escorts-%f0%9f%8c%9f-100-verified-%e2%82%b93800-whatsapp-photos,https://escortsbookings.com/escortgirls/sanya-karanpur-premium-escorts-%e2%9d%a4%ef%b8%8f-real-photos-safe-booking-instant-whatsa,0.5457,low,"photos, russian, dehradun, whatsapp, real, oeshi, ballupur, escorts"
https://escortsbookings.com/escortgirls/chanda-affordable-escort-in-rajpur-%e2%82%b92-7k-genuine-photos-secure-whatsapp,https://escortsbookings.com/escortgirls/oeshi-ballupur-russian-escorts-%f0%9f%8c%9f-100-verified-%e2%82%b93800-whatsapp-photos,0.5442,low,"whatsapp, photos, dehradun, escort, call, black, color, girls"
https://escortsbookings.com/escortgirls/priya-call-girls-in-brahmanwala-%e2%98%8e%ef%b8%8f-100-verified-whatsapp-numbers-%e2%82%b92k,https://escortsbookings.com/escortgirls/tanvi-jogiwala-top-escorts-100-real-call-girls-whatsapp-photos-%e2%82%b93k-cod,0.5427,low,"dehradun, whatsapp, call, girls, gold, black, color, eyes"
https://escortsbookings.com/escortgirls/oeshi-ballupur-russian-escorts-%f0%9f%8c%9f-100-verified-%e2%82%b93800-whatsapp-photos,https://escortsbookings.com/escortgirls/tanvi-jogiwala-top-escorts-100-real-call-girls-whatsapp-photos-%e2%82%b93k-cod,0.5423,low,"whatsapp, dehradun, russian, photos, real, call, black, color"
https://escortsbookings.com/escortgirls/chanda-affordable-escort-in-rajpur-%e2%82%b92-7k-genuine-photos-secure-whatsapp,https://escortsbookings.com/escortgirls/nikita-garhi-cantt-vip-call-girls-%f0%9f%94%90-verified-safe-instant-whatsapp,0.5419,low,"whatsapp, dehradun, call, black, girls, escort, photos, color"
https://escortsbookings.com/escortgirls/shanaya-escort-service-near-me-%f0%9f%8c%9f-book-vip-call-girls-near-you,https://escortsbookings.com/escortgirls/tanvi-jogiwala-top-escorts-100-real-call-girls-whatsapp-photos-%e2%82%b93k-cod,0.5416,low,"near, dehradun, call, whatsapp, girls, black, vip, gold"
https://escortsbookings.com/escortgirls/advika-book-call-girls-now-%e2%9c%85-genuine-whatsapp-cash-payment,https://escortsbookings.com/escortgirls/nikita-garhi-cantt-vip-call-girls-%f0%9f%94%90-verified-safe-instant-whatsapp,0.5398,low,"whatsapp, dehradun, call, girls, black, gold, color, nikita"
https://escortsbookings.com/disclaimer,https://escortsbookings.com/terms,0.5379,low,"company, use, service, information, may, damages, shall, access"
https://escortsbookings.com/escortgirls/chanda-affordable-escort-in-rajpur-%e2%82%b92-7k-genuine-photos-secure-whatsapp,https://escortsbookings.com/escortgirls/tanvi-jogiwala-top-escorts-100-real-call-girls-whatsapp-photos-%e2%82%b93k-cod,0.5365,low,"whatsapp, dehradun, photos, call, escort, black, gold, girls"
https://escortsbookings.com/escortgirls/advika-book-call-girls-now-%e2%9c%85-genuine-whatsapp-cash-payment,https://escortsbookings.com/escortgirls/chanda-affordable-escort-in-rajpur-%e2%82%b92-7k-genuine-photos-secure-whatsapp,0.5359,low,"whatsapp, dehradun, call, genuine, black, girls, gold, photos"
https://escortsbookings.com/escortgirls/amara-trusted-gms-road-services-%e2%9c%85-real-call-girls-photos-whatsapp-contact,https://escortsbookings.com/escortgirls/chanda-affordable-escort-in-rajpur-%e2%82%b92-7k-genuine-photos-secure-whatsapp,0.5352,low,"whatsapp, dehradun, photos, call, black, girls, color, gold"
https://escortsbookings.com/escortgirls/laharika-verified-call-girls-in-race-course-%f0%9f%94%90-whatsapp-verified,https://escortsbookings.com/escortgirls/nikita-garhi-cantt-vip-call-girls-%f0%9f%94%90-verified-safe-instant-whatsapp,0.535,low,"dehradun, whatsapp, call, girls, black, verified, color, gold"
https://escortsbookings.com/escortgirls/chanda-affordable-escort-in-rajpur-%e2%82%b92-7k-genuine-photos-secure-whatsapp,https://escortsbookings.com/escortgirls/nisha-jakhan-affordable-call-girls-24x7-cash-payment-real-photos,0.5328,low,"photos, dehradun, call, affordable, girls, black, color, gold"
https://escortsbookings.com/escortgirls/amara-trusted-gms-road-services-%e2%9c%85-real-call-girls-photos-whatsapp-contact,https://escortsbookings.com/escortgirls/shreya-dharampur-call-girl-service-%e2%82%b93500-genuine-photos-phone-numbers,0.5295,low,"call, dehradun, photos, black, girl, gold, girls, color"
https://escortsbookings.com/escortgirls/amara-trusted-gms-road-services-%e2%9c%85-real-call-girls-photos-whatsapp-contact,https://escortsbookings.com/escortgirls/ria-top-rated-defence-colony-girls-%e2%ad%90-verified-profiles-same-day-booking,0.5288,low,"dehradun, girls, photos, black, call, gold, same-day, whatsapp"
https://escortsbookings.com/escortgirls/oeshi-ballupur-russian-escorts-%f0%9f%8c%9f-100-verified-%e2%82%b93800-whatsapp-photos,https://escortsbookings.com/escortgirls/priya-call-girls-in-brahmanwala-%e2%98%8e%ef%b8%8f-100-verified-whatsapp-numbers-%e2%82%b92k,0.5288,low,"whatsapp, dehradun, call, color, eyes, black, girls, photos"
https://escortsbookings.com/escortgirls/mohini-banjarawala-independent-escorts-%e2%9c%a8-real-photos-24x7-bookings-%e2%82%b93-6k,https://escortsbookings.com/escortgirls/nisha-jakhan-affordable-call-girls-24x7-cash-payment-real-photos,0.5272,low,"photos, dehradun, real, call, mohini, banjarawala, girls, black"
https://escortsbookings.com/escortgirls/aisha-dalanwala-call-girls-%e2%98%8e%ef%b8%8f-100-verified-%e2%82%b92-5k-photos-numbers,https://escortsbookings.com/escortgirls/amara-trusted-gms-road-services-%e2%9c%85-real-call-girls-photos-whatsapp-contact,0.5271,low,"photos, dehradun, call, black, girls, color, numbers, real"
https://escortsbookings.com/escortgirls/aisha-dalanwala-call-girls-%e2%98%8e%ef%b8%8f-100-verified-%e2%82%b92-5k-photos-numbers,https://escortsbookings.com/escortgirls/laharika-verified-call-girls-in-race-course-%f0%9f%94%90-whatsapp-verified,0.5235,low,"dehradun, photos, call, girls, black, verified, color, aisha"
https://escortsbookings.com/escortgirls/kritika-affordable-doiwala-escorts-%f0%9f%92%b8-%e2%82%b93100-verified-profiles,https://escortsbookings.com/escortgirls/priya-call-girls-in-brahmanwala-%e2%98%8e%ef%b8%8f-100-verified-whatsapp-numbers-%e2%82%b92k,0.5232,low,"dehradun, gold, kritika, doiwala, black, call, color, whatsapp"
https://escortsbookings.com/escortgirls/amara-trusted-gms-road-services-%e2%9c%85-real-call-girls-photos-whatsapp-contact,https://escortsbookings.com/escortgirls/nikita-garhi-cantt-vip-call-girls-%f0%9f%94%90-verified-safe-instant-whatsapp,0.5231,low,"dehradun, whatsapp, call, girls, black, photos, vip, color"
https://escortsbookings.com/escortgirls/kritika-affordable-doiwala-escorts-%f0%9f%92%b8-%e2%82%b93100-verified-profiles,https://escortsbookings.com/escortgirls/nithya-clock-tower-escort-service-24-7-genuine-call-girls-real-photos,0.523,low,"dehradun, call, black, gold, girls, color, escort, genuine"
https://escortsbookings.com/escortgirls/aisha-dalanwala-call-girls-%e2%98%8e%ef%b8%8f-100-verified-%e2%82%b92-5k-photos-numbers,https://escortsbookings.com/escortgirls/chanda-affordable-escort-in-rajpur-%e2%82%b92-7k-genuine-photos-secure-whatsapp,0.5205,low,"photos, dehradun, call, black, color, girls, escort, whatsapp"
https://escortsbookings.com/escortgirls/nikita-garhi-cantt-vip-call-girls-%f0%9f%94%90-verified-safe-instant-whatsapp,https://escortsbookings.com/escortgirls/priya-call-girls-in-brahmanwala-%e2%98%8e%ef%b8%8f-100-verified-whatsapp-numbers-%e2%82%b92k,0.5193,low,"dehradun, whatsapp, call, girls, black, color, gold, verified"
https://escortsbookings.com/escortgirls/nithya-clock-tower-escort-service-24-7-genuine-call-girls-real-photos,https://escortsbookings.com/escortgirls/tanvi-jogiwala-top-escorts-100-real-call-girls-whatsapp-photos-%e2%82%b93k-cod,0.5188,low,"dehradun, photos, call, real, girls, black, gold, escort"
https://escortsbookings.com/escortgirls/mohini-banjarawala-independent-escorts-%e2%9c%a8-real-photos-24x7-bookings-%e2%82%b93-6k,https://escortsbookings.com/escortgirls/sanya-karanpur-premium-escorts-%e2%9d%a4%ef%b8%8f-real-photos-safe-booking-instant-whatsa,0.5185,low,"photos, dehradun, real, mohini, banjarawala, black, color, escorts"
https://escortsbookings.com/escortgirls/laharika-verified-call-girls-in-race-course-%f0%9f%94%90-whatsapp-verified,https://escortsbookings.com/escortgirls/priya-call-girls-in-brahmanwala-%e2%98%8e%ef%b8%8f-100-verified-whatsapp-numbers-%e2%82%b92k,0.5174,low,"dehradun, whatsapp, call, girls, verified, black, color, gold"
https://escortsbookings.com/escortgirls/nikita-garhi-cantt-vip-call-girls-%f0%9f%94%90-verified-safe-instant-whatsapp,https://escortsbookings.com/escortgirls/nimrat-trusted-call-girls-ajabpur-kalan-%e2%ad%90-24-7-service-genuine-whatsapp,0.5173,low,"whatsapp, dehradun, call, girls, black, gold, nimrat, ajabpur"
https://escortsbookings.com/escortgirls/kashish-vikas-nagar-elite-escorts-%e2%9d%a4%ef%b8%8f-affordable-trusted-services,https://escortsbookings.com/escortgirls/nisha-jakhan-affordable-call-girls-24x7-cash-payment-real-photos,0.516,low,"dehradun, affordable, photos, call, payment, cash, gold, black"
https://escortsbookings.com/escortgirls/mohini-banjarawala-independent-escorts-%e2%9c%a8-real-photos-24x7-bookings-%e2%82%b93-6k,https://escortsbookings.com/escortgirls/nikita-garhi-cantt-vip-call-girls-%f0%9f%94%90-verified-safe-instant-whatsapp,0.516,low,"dehradun, black, call, girls, whatsapp, color, photos, nikita"
https://escortsbookings.com/escortgirls/aisha-dalanwala-call-girls-%e2%98%8e%ef%b8%8f-100-verified-%e2%82%b92-5k-photos-numbers,https://escortsbookings.com/escortgirls/oeshi-ballupur-russian-escorts-%f0%9f%8c%9f-100-verified-%e2%82%b93800-whatsapp-photos,0.5151,low,"photos, dehradun, black, call, color, whatsapp, girls, verified"
https://escortsbookings.com/escortgirls/kritika-affordable-doiwala-escorts-%f0%9f%92%b8-%e2%82%b93100-verified-profiles,https://escortsbookings.com/escortgirls/tanvi-jogiwala-top-escorts-100-real-call-girls-whatsapp-photos-%e2%82%b93k-cod,0.514,low,"dehradun, gold, black, call, kritika, whatsapp, doiwala, color"
https://escortsbookings.com/category/indian-escorts,https://escortsbookings.com/dathnicity/indian,0.5139,low,"indian, dehradun, escorts, results, found, girls, service, escort"
https://escortsbookings.com/escortgirls/nikita-garhi-cantt-vip-call-girls-%f0%9f%94%90-verified-safe-instant-whatsapp,https://escortsbookings.com/escortgirls/sanya-karanpur-premium-escorts-%e2%9d%a4%ef%b8%8f-real-photos-safe-booking-instant-whatsa,0.5136,low,"dehradun, safe, instant, photos, whatsapp, black, color, call"
https://escortsbookings.com/escortgirls/priya-call-girls-in-brahmanwala-%e2%98%8e%ef%b8%8f-100-verified-whatsapp-numbers-%e2%82%b92k,https://escortsbookings.com/escortgirls/sanya-karanpur-premium-escorts-%e2%9d%a4%ef%b8%8f-real-photos-safe-booking-instant-whatsa,0.5119,low,"dehradun, whatsapp, color, photos, sanya, black, whatsa, karanpur"
https://escortsbookings.com/escortgirls/amara-trusted-gms-road-services-%e2%9c%85-real-call-girls-photos-whatsapp-contact,https://escortsbookings.com/escortgirls/tanvi-jogiwala-top-escorts-100-real-call-girls-whatsapp-photos-%e2%82%b93k-cod,0.5117,low,"dehradun, whatsapp, call, photos, black, girls, real, gold"
https://escortsbookings.com/escortgirls/mohini-banjarawala-independent-escorts-%e2%9c%a8-real-photos-24x7-bookings-%e2%82%b93-6k,https://escortsbookings.com/escortgirls/priya-call-girls-in-brahmanwala-%e2%98%8e%ef%b8%8f-100-verified-whatsapp-numbers-%e2%82%b92k,0.5084,low,"dehradun, black, call, color, whatsapp, girls, priya, brahmanwala"
https://escortsbookings.com,https://escortsbookings.com/escortgirls/amara-trusted-gms-road-services-%e2%9c%85-real-call-girls-photos-whatsapp-contact,0.5075,low,"call, dehradun, girls, services, whatsapp, photos, gold, real"
https://escortsbookings.com/,https://escortsbookings.com/escortgirls/amara-trusted-gms-road-services-%e2%9c%85-real-call-girls-photos-whatsapp-contact,0.5075,low,"call, dehradun, girls, services, whatsapp, photos, gold, real"
https://escortsbookings.com/escortgirls/mohini-banjarawala-independent-escorts-%e2%9c%a8-real-photos-24x7-bookings-%e2%82%b93-6k,https://escortsbookings.com/escortgirls/nithya-clock-tower-escort-service-24-7-genuine-call-girls-real-photos,0.5072,low,"dehradun, photos, real, call, black, girls, color, escort"
https://escortsbookings.com/escortgirls/aisha-dalanwala-call-girls-%e2%98%8e%ef%b8%8f-100-verified-%e2%82%b92-5k-photos-numbers,https://escortsbookings.com/escortgirls/nisha-jakhan-affordable-call-girls-24x7-cash-payment-real-photos,0.5055,low,"photos, dehradun, call, girls, black, real, color, eyes"
https://escortsbookings.com/escortgirls/chanda-affordable-escort-in-rajpur-%e2%82%b92-7k-genuine-photos-secure-whatsapp,https://escortsbookings.com/escortgirls/kritika-affordable-doiwala-escorts-%f0%9f%92%b8-%e2%82%b93100-verified-profiles,0.5052,low,"dehradun, affordable, black, whatsapp, gold, genuine, escort, call"
https://escortsbookings.com/escortgirls/advika-book-call-girls-now-%e2%9c%85-genuine-whatsapp-cash-payment,https://escortsbookings.com/escortgirls/kashish-vikas-nagar-elite-escorts-%e2%9d%a4%ef%b8%8f-affordable-trusted-services,0.5048,low,"dehradun, cash, payment, gold, black, call, color, girls"
https://escortsbookings.com/escortgirls/advika-book-call-girls-now-%e2%9c%85-genuine-whatsapp-cash-payment,https://escortsbookings.com/escortgirls/nimrat-trusted-call-girls-ajabpur-kalan-%e2%ad%90-24-7-service-genuine-whatsapp,0.5023,low,"whatsapp, dehradun, call, genuine, girls, gold, black, color"
https://escortsbookings.com/escortgirls/aisha-dalanwala-call-girls-%e2%98%8e%ef%b8%8f-100-verified-%e2%82%b92-5k-photos-numbers,https://escortsbookings.com/escortgirls/nikita-garhi-cantt-vip-call-girls-%f0%9f%94%90-verified-safe-instant-whatsapp,0.5017,low,"dehradun, call, black, photos, girls, color, aisha, verified"
https://escortsbookings.com/wp-login.php,https://escortsbookings.com/wp-login.php?action=register,0.4994,low,"dehradun, escort, rajpur, fun, service, girls, road, call"
https://escortsbookings.com/escortgirls/nimrat-trusted-call-girls-ajabpur-kalan-%e2%ad%90-24-7-service-genuine-whatsapp,https://escortsbookings.com/escortgirls/shreya-dharampur-call-girl-service-%e2%82%b93500-genuine-photos-phone-numbers,0.4987,low,"genuine, dehradun, call, gold, black, nimrat, ajabpur, kalan"
https://escortsbookings.com/dabody/other,https://escortsbookings.com/wp-login.php,0.4974,low,"dehradun, rajpur, fun, service, girls, escort, road, call"
https://escortsbookings.com/dadrink/no,https://escortsbookings.com/wp-login.php,0.4974,low,"dehradun, rajpur, fun, service, girls, escort, road, call"
https://escortsbookings.com/daeyes/other,https://escortsbookings.com/wp-login.php,0.4974,low,"dehradun, rajpur, fun, service, girls, escort, road, call"
https://escortsbookings.com/dasmoke/no,https://escortsbookings.com/wp-login.php,0.4974,low,"dehradun, rajpur, fun, service, girls, escort, road, call"
https://escortsbookings.com/escortgirls/amara-trusted-gms-road-services-%e2%9c%85-real-call-girls-photos-whatsapp-contact,https://escortsbookings.com/escortgirls/nisha-jakhan-affordable-call-girls-24x7-cash-payment-real-photos,0.4973,low,"photos, dehradun, real, call, girls, black, color, gold"
https://escortsbookings.com/escortgirls/nikita-garhi-cantt-vip-call-girls-%f0%9f%94%90-verified-safe-instant-whatsapp,https://escortsbookings.com/escortgirls/shreya-dharampur-call-girl-service-%e2%82%b93500-genuine-photos-phone-numbers,0.4958,low,"dehradun, call, black, photos, gold, girls, genuine, color"
https://escortsbookings.com/escortgirls/sanya-karanpur-premium-escorts-%e2%9d%a4%ef%b8%8f-real-photos-safe-booking-instant-whatsa,https://escortsbookings.com/escortgirls/tanvi-jogiwala-top-escorts-100-real-call-girls-whatsapp-photos-%e2%82%b93k-cod,0.493,low,"photos, dehradun, russian, real, whatsapp, escorts, black, color"
https://escortsbookings.com/escortgirls/nisha-jakhan-affordable-call-girls-24x7-cash-payment-real-photos,https://escortsbookings.com/escortgirls/ria-top-rated-defence-colony-girls-%e2%ad%90-verified-profiles-same-day-booking,0.4928,low,"dehradun, photos, real, girls, gold, call, nisha, color"
https://escortsbookings.com/escortgirls/chanda-affordable-escort-in-rajpur-%e2%82%b92-7k-genuine-photos-secure-whatsapp,https://escortsbookings.com/escortgirls/kashish-vikas-nagar-elite-escorts-%e2%9d%a4%ef%b8%8f-affordable-trusted-services,0.4925,low,"dehradun, affordable, black, gold, call, photos, elite, color"
https://escortsbookings.com/escortgirls/nisha-jakhan-affordable-call-girls-24x7-cash-payment-real-photos,https://escortsbookings.com/escortgirls/tanvi-jogiwala-top-escorts-100-real-call-girls-whatsapp-photos-%e2%82%b93k-cod,0.4912,low,"photos, dehradun, real, call, girls, gold, black, color"
https://escortsbookings.com/escortgirls/ria-top-rated-defence-colony-girls-%e2%ad%90-verified-profiles-same-day-booking,https://escortsbookings.com/escortgirls/shreya-dharampur-call-girl-service-%e2%82%b93500-genuine-photos-phone-numbers,0.491,low,"dehradun, photos, gold, call, black, same-day, ria, color"
https://escortsbookings.com,https://escortsbookings.com/escortgirls/nithya-clock-tower-escort-service-24-7-genuine-call-girls-real-photos,0.4902,low,"girls, dehradun, call, photos, real, gold, whatsapp, escort"
https://escortsbookings.com/,https://escortsbookings.com/escortgirls/nithya-clock-tower-escort-service-24-7-genuine-call-girls-real-photos,0.4902,low,"girls, dehradun, call, photos, real, gold, whatsapp, escort"
https://escortsbookings.com/escortgirls/ria-top-rated-defence-colony-girls-%e2%ad%90-verified-profiles-same-day-booking,https://escortsbookings.com/escortgirls/tanvi-jogiwala-top-escorts-100-real-call-girls-whatsapp-photos-%e2%82%b93k-cod,0.4901,low,"dehradun, gold, girls, photos, tanvi, whatsapp, black, call"
https://escortsbookings.com/escortgirls/mohini-banjarawala-independent-escorts-%e2%9c%a8-real-photos-24x7-bookings-%e2%82%b93-6k,https://escortsbookings.com/escortgirls/tanvi-jogiwala-top-escorts-100-real-call-girls-whatsapp-photos-%e2%82%b93k-cod,0.4894,low,"dehradun, photos, black, real, call, whatsapp, girls, color"
https://escortsbookings.com/escortgirls/amara-trusted-gms-road-services-%e2%9c%85-real-call-girls-photos-whatsapp-contact,https://escortsbookings.com/escortgirls/mohini-banjarawala-independent-escorts-%e2%9c%a8-real-photos-24x7-bookings-%e2%82%b93-6k,0.4891,low,"dehradun, photos, black, call, real, girls, whatsapp, color"
https://escortsbookings.com/escortgirls/mohini-banjarawala-independent-escorts-%e2%9c%a8-real-photos-24x7-bookings-%e2%82%b93-6k,https://escortsbookings.com/escortgirls/oeshi-ballupur-russian-escorts-%f0%9f%8c%9f-100-verified-%e2%82%b93800-whatsapp-photos,0.4874,low,"dehradun, photos, whatsapp, black, real, color, call, escorts"
https://escortsbookings.com/escortgirls/chanda-affordable-escort-in-rajpur-%e2%82%b92-7k-genuine-photos-secure-whatsapp,https://escortsbookings.com/escortgirls/nimrat-trusted-call-girls-ajabpur-kalan-%e2%ad%90-24-7-service-genuine-whatsapp,0.4873,low,"whatsapp, dehradun, genuine, call, gold, black, girls, color"
https://escortsbookings.com/escortgirls/laharika-verified-call-girls-in-race-course-%f0%9f%94%90-whatsapp-verified,https://escortsbookings.com/escortgirls/tanvi-jogiwala-top-escorts-100-real-call-girls-whatsapp-photos-%e2%82%b93k-cod,0.4866,low,"dehradun, whatsapp, call, girls, black, gold, photos, color"
https://escortsbookings.com,https://escortsbookings.com/escortgirls/advika-book-call-girls-now-%e2%9c%85-genuine-whatsapp-cash-payment,0.4862,low,"girls, dehradun, call, whatsapp, gold, book, payment, photos"
https://escortsbookings.com/,https://escortsbookings.com/escortgirls/advika-book-call-girls-now-%e2%9c%85-genuine-whatsapp-cash-payment,0.4862,low,"girls, dehradun, call, whatsapp, gold, book, payment, photos"
https://escortsbookings.com/escortgirls/nikita-garhi-cantt-vip-call-girls-%f0%9f%94%90-verified-safe-instant-whatsapp,https://escortsbookings.com/escortgirls/oeshi-ballupur-russian-escorts-%f0%9f%8c%9f-100-verified-%e2%82%b93800-whatsapp-photos,0.4846,low,"whatsapp, dehradun, photos, call, black, girls, color, verified"
https://escortsbookings.com/escortgirls/amara-trusted-gms-road-services-%e2%9c%85-real-call-girls-photos-whatsapp-contact,https://escortsbookings.com/escortgirls/laharika-verified-call-girls-in-race-course-%f0%9f%94%90-whatsapp-verified,0.4832,low,"dehradun, whatsapp, call, girls, black, photos, color, gold"
https://escortsbookings.com/escortgirls/chanda-affordable-escort-in-rajpur-%e2%82%b92-7k-genuine-photos-secure-whatsapp,https://escortsbookings.com/escortgirls/mohini-banjarawala-independent-escorts-%e2%9c%a8-real-photos-24x7-bookings-%e2%82%b93-6k,0.4831,low,"dehradun, photos, black, whatsapp, call, color, escort, girls"
https://escortsbookings.com/dagender/female-escort,https://escortsbookings.com/wp-login.php,0.4824,low,"dehradun, escort, rajpur, fun, service, girls, road, call"
https://escortsbookings.com,https://escortsbookings.com/escortgirls/tanvi-jogiwala-top-escorts-100-real-call-girls-whatsapp-photos-%e2%82%b93k-cod,0.4815,low,"dehradun, girls, call, gold, whatsapp, photos, escorts, real"
https://escortsbookings.com/,https://escortsbookings.com/escortgirls/tanvi-jogiwala-top-escorts-100-real-call-girls-whatsapp-photos-%e2%82%b93k-cod,0.4815,low,"dehradun, girls, call, gold, whatsapp, photos, escorts, real"
https://escortsbookings.com/escortgirls/advika-book-call-girls-now-%e2%9c%85-genuine-whatsapp-cash-payment,https://escortsbookings.com/escortgirls/shanaya-escort-service-near-me-%f0%9f%8c%9f-book-vip-call-girls-near-you,0.4815,low,"dehradun, whatsapp, call, girls, book, black, gold, color"
https://escortsbookings.com/escortgirls/nisha-jakhan-affordable-call-girls-24x7-cash-payment-real-photos,https://escortsbookings.com/escortgirls/oeshi-ballupur-russian-escorts-%f0%9f%8c%9f-100-verified-%e2%82%b93800-whatsapp-photos,0.4814,low,"photos, dehradun, real, call, color, girls, black, eyes"
https://escortsbookings.com/escortgirls/advika-book-call-girls-now-%e2%9c%85-genuine-whatsapp-cash-payment,https://escortsbookings.com/escortgirls/priya-call-girls-in-brahmanwala-%e2%98%8e%ef%b8%8f-100-verified-whatsapp-numbers-%e2%82%b92k,0.4812,low,"whatsapp, dehradun, call, girls, black, gold, color, eyes"
https://escortsbookings.com/escortgirls/kashish-vikas-nagar-elite-escorts-%e2%9d%a4%ef%b8%8f-affordable-trusted-services,https://escortsbookings.com/escortgirls/shreya-dharampur-call-girl-service-%e2%82%b93500-genuine-photos-phone-numbers,0.4803,low,"dehradun, gold, call, black, photos, genuine, shreya, color"
https://escortsbookings.com/escortgirls/nithya-clock-tower-escort-service-24-7-genuine-call-girls-real-photos,https://escortsbookings.com/escortgirls/ria-top-rated-defence-colony-girls-%e2%ad%90-verified-profiles-same-day-booking,0.4791,low,"dehradun, photos, girls, real, gold, call, black, color"
https://escortsbookings.com/escortgirls/advika-book-call-girls-now-%e2%9c%85-genuine-whatsapp-cash-payment,https://escortsbookings.com/escortgirls/oeshi-ballupur-russian-escorts-%f0%9f%8c%9f-100-verified-%e2%82%b93800-whatsapp-photos,0.4789,low,"whatsapp, dehradun, photos, call, black, girls, color, eyes"
https://escortsbookings.com/escortgirls/advika-book-call-girls-now-%e2%9c%85-genuine-whatsapp-cash-payment,https://escortsbookings.com/escortgirls/amara-trusted-gms-road-services-%e2%9c%85-real-call-girls-photos-whatsapp-contact,0.4786,low,"whatsapp, dehradun, call, girls, black, gold, photos, color"
https://escortsbookings.com/escortgirls/chanda-affordable-escort-in-rajpur-%e2%82%b92-7k-genuine-photos-secure-whatsapp,https://escortsbookings.com/escortgirls/ria-top-rated-defence-colony-girls-%e2%ad%90-verified-profiles-same-day-booking,0.4785,low,"dehradun, photos, whatsapp, gold, chanda, girls, black, color"
https://escortsbookings.com/escortgirls/laharika-verified-call-girls-in-race-course-%f0%9f%94%90-whatsapp-verified,https://escortsbookings.com/escortgirls/oeshi-ballupur-russian-escorts-%f0%9f%8c%9f-100-verified-%e2%82%b93800-whatsapp-photos,0.4783,low,"whatsapp, dehradun, photos, verified, call, girls, black, color"
https://escortsbookings.com,https://escortsbookings.com/escortgirls/nisha-jakhan-affordable-call-girls-24x7-cash-payment-real-photos,0.4773,low,"photos, dehradun, call, girls, real, gold, awesome, payment"
https://escortsbookings.com/,https://escortsbookings.com/escortgirls/nisha-jakhan-affordable-call-girls-24x7-cash-payment-real-photos,0.4773,low,"photos, dehradun, call, girls, real, gold, awesome, payment"
https://escortsbookings.com/escortgirls/nisha-jakhan-affordable-call-girls-24x7-cash-payment-real-photos,https://escortsbookings.com/escortgirls/shreya-dharampur-call-girl-service-%e2%82%b93500-genuine-photos-phone-numbers,0.4755,low,"photos, dehradun, call, black, gold, real, color, girls"
https://escortsbookings.com/escortgirls/priya-call-girls-in-brahmanwala-%e2%98%8e%ef%b8%8f-100-verified-whatsapp-numbers-%e2%82%b92k,https://escortsbookings.com/escortgirls/shreya-dharampur-call-girl-service-%e2%82%b93500-genuine-photos-phone-numbers,0.475,low,"dehradun, call, numbers, black, gold, color, girls, photos"
https://escortsbookings.com/escortgirls/nimrat-trusted-call-girls-ajabpur-kalan-%e2%ad%90-24-7-service-genuine-whatsapp,https://escortsbookings.com/escortgirls/priya-call-girls-in-brahmanwala-%e2%98%8e%ef%b8%8f-100-verified-whatsapp-numbers-%e2%82%b92k,0.4738,low,"dehradun, whatsapp, call, gold, girls, color, black, eyes"
https://escortsbookings.com/escortgirls/advika-book-call-girls-now-%e2%9c%85-genuine-whatsapp-cash-payment,https://escortsbookings.com/escortgirls/laharika-verified-call-girls-in-race-course-%f0%9f%94%90-whatsapp-verified,0.4737,low,"whatsapp, dehradun, call, girls, black, gold, color, photos"
https://escortsbookings.com/escortgirls/kashish-vikas-nagar-elite-escorts-%e2%9d%a4%ef%b8%8f-affordable-trusted-services,https://escortsbookings.com/escortgirls/nithya-clock-tower-escort-service-24-7-genuine-call-girls-real-photos,0.4734,low,"dehradun, call, photos, black, gold, color, girls, escort"
https://escortsbookings.com/escortgirls/nimrat-trusted-call-girls-ajabpur-kalan-%e2%ad%90-24-7-service-genuine-whatsapp,https://escortsbookings.com/escortgirls/nithya-clock-tower-escort-service-24-7-genuine-call-girls-real-photos,0.4727,low,"dehradun, call, genuine, girls, whatsapp, gold, black, color"
https://escortsbookings.com/escortgirls/oeshi-ballupur-russian-escorts-%f0%9f%8c%9f-100-verified-%e2%82%b93800-whatsapp-photos,https://escortsbookings.com/escortgirls/shreya-dharampur-call-girl-service-%e2%82%b93500-genuine-photos-phone-numbers,0.472,low,"photos, dehradun, call, black, color, whatsapp, gold, escort"
https://escortsbookings.com/escortgirls/nisha-jakhan-affordable-call-girls-24x7-cash-payment-real-photos,https://escortsbookings.com/escortgirls/priya-call-girls-in-brahmanwala-%e2%98%8e%ef%b8%8f-100-verified-whatsapp-numbers-%e2%82%b92k,0.4714,low,"dehradun, call, girls, color, photos, black, gold, real"
https://escortsbookings.com/escortgirls/amara-trusted-gms-road-services-%e2%9c%85-real-call-girls-photos-whatsapp-contact,https://escortsbookings.com/escortgirls/shanaya-escort-service-near-me-%f0%9f%8c%9f-book-vip-call-girls-near-you,0.471,low,"dehradun, call, girls, black, whatsapp, vip, color, gold"
https://escortsbookings.com/escortgirls/amara-trusted-gms-road-services-%e2%9c%85-real-call-girls-photos-whatsapp-contact,https://escortsbookings.com/escortgirls/nimrat-trusted-call-girls-ajabpur-kalan-%e2%ad%90-24-7-service-genuine-whatsapp,0.4702,low,"trusted, whatsapp, dehradun, call, girls, black, gold, color"
https://escortsbookings.com/escortgirls/nithya-clock-tower-escort-service-24-7-genuine-call-girls-real-photos,https://escortsbookings.com/escortgirls/shanaya-escort-service-near-me-%f0%9f%8c%9f-book-vip-call-girls-near-you,0.4702,low,"dehradun, call, girls, escort, black, color, gold, whatsapp"
https://escortsbookings.com,https://escortsbookings.com/escortgirls/oeshi-ballupur-russian-escorts-%f0%9f%8c%9f-100-verified-%e2%82%b93800-whatsapp-photos,0.4695,low,"dehradun, photos, whatsapp, russian, girls, call, real, escorts"
https://escortsbookings.com/,https://escortsbookings.com/escortgirls/oeshi-ballupur-russian-escorts-%f0%9f%8c%9f-100-verified-%e2%82%b93800-whatsapp-photos,0.4695,low,"dehradun, photos, whatsapp, russian, girls, call, real, escorts"
https://escortsbookings.com/escortgirls/aisha-dalanwala-call-girls-%e2%98%8e%ef%b8%8f-100-verified-%e2%82%b92-5k-photos-numbers,https://escortsbookings.com/escortgirls/tanvi-jogiwala-top-escorts-100-real-call-girls-whatsapp-photos-%e2%82%b93k-cod,0.4695,low,"photos, dehradun, call, black, girls, color, real, whatsapp"
https://escortsbookings.com/escortgirls/kritika-affordable-doiwala-escorts-%f0%9f%92%b8-%e2%82%b93100-verified-profiles,https://escortsbookings.com/escortgirls/shreya-dharampur-call-girl-service-%e2%82%b93500-genuine-photos-phone-numbers,0.469,low,"dehradun, gold, genuine, call, black, color, service, photos"
https://escortsbookings.com/escortgirls/nikita-garhi-cantt-vip-call-girls-%f0%9f%94%90-verified-safe-instant-whatsapp,https://escortsbookings.com/escortgirls/nisha-jakhan-affordable-call-girls-24x7-cash-payment-real-photos,0.4681,low,"dehradun, call, girls, photos, black, color, gold, vip"
https://escortsbookings.com/escortgirls/laharika-verified-call-girls-in-race-course-%f0%9f%94%90-whatsapp-verified,https://escortsbookings.com/escortgirls/shreya-dharampur-call-girl-service-%e2%82%b93500-genuine-photos-phone-numbers,0.4675,low,"dehradun, call, photos, black, gold, girls, color, girl"
https://escortsbookings.com,https://escortsbookings.com/escortgirls/priya-call-girls-in-brahmanwala-%e2%98%8e%ef%b8%8f-100-verified-whatsapp-numbers-%e2%82%b92k,0.4671,low,"dehradun, girls, call, whatsapp, gold, escorts, numbers, height"
https://escortsbookings.com/,https://escortsbookings.com/escortgirls/priya-call-girls-in-brahmanwala-%e2%98%8e%ef%b8%8f-100-verified-whatsapp-numbers-%e2%82%b92k,0.4671,low,"dehradun, girls, call, whatsapp, gold, escorts, numbers, height"
https://escortsbookings.com,https://escortsbookings.com/escortgirls/shanaya-escort-service-near-me-%f0%9f%8c%9f-book-vip-call-girls-near-you,0.4657,low,"girls, dehradun, call, book, near, whatsapp, gold, escort"
https://escortsbookings.com/,https://escortsbookings.com/escortgirls/shanaya-escort-service-near-me-%f0%9f%8c%9f-book-vip-call-girls-near-you,0.4657,low,"girls, dehradun, call, book, near, whatsapp, gold, escort"
https://escortsbookings.com,https://escortsbookings.com/escortgirls/chanda-affordable-escort-in-rajpur-%e2%82%b92-7k-genuine-photos-secure-whatsapp,0.4646,low,"dehradun, call, photos, whatsapp, girls, gold, genuine, escort"
https://escortsbookings.com/,https://escortsbookings.com/escortgirls/chanda-affordable-escort-in-rajpur-%e2%82%b92-7k-genuine-photos-secure-whatsapp,0.4646,low,"dehradun, call, photos, whatsapp, girls, gold, genuine, escort"
https://escortsbookings.com,https://escortsbookings.com/escortgirls/shreya-dharampur-call-girl-service-%e2%82%b93500-genuine-photos-phone-numbers,0.464,low,"dehradun, call, photos, gold, girls, girl, genuine, shreya"
https://escortsbookings.com/,https://escortsbookings.com/escortgirls/shreya-dharampur-call-girl-service-%e2%82%b93500-genuine-photos-phone-numbers,0.464,low,"dehradun, call, photos, gold, girls, girl, genuine, shreya"
https://escortsbookings.com,https://escortsbookings.com/escortgirls/sanya-karanpur-premium-escorts-%e2%9d%a4%ef%b8%8f-real-photos-safe-booking-instant-whatsa,0.4626,low,"photos, dehradun, russian, escorts, real, premium, booking, instant"
https://escortsbookings.com/,https://escortsbookings.com/escortgirls/sanya-karanpur-premium-escorts-%e2%9d%a4%ef%b8%8f-real-photos-safe-booking-instant-whatsa,0.4626,low,"photos, dehradun, russian, escorts, real, premium, booking, instant"
https://escortsbookings.com,https://escortsbookings.com/escortgirls/aisha-dalanwala-call-girls-%e2%98%8e%ef%b8%8f-100-verified-%e2%82%b92-5k-photos-numbers,0.4621,low,"photos, dehradun, call, girls, numbers, aisha, awesome, height"
https://escortsbookings.com/,https://escortsbookings.com/escortgirls/aisha-dalanwala-call-girls-%e2%98%8e%ef%b8%8f-100-verified-%e2%82%b92-5k-photos-numbers,0.4621,low,"photos, dehradun, call, girls, numbers, aisha, awesome, height"
https://escortsbookings.com/dathnicity/indian,https://escortsbookings.com/wp-login.php,0.4613,low,"dehradun, rajpur, fun, service, girls, escort, road, call"
https://escortsbookings.com/escortgirls/advika-book-call-girls-now-%e2%9c%85-genuine-whatsapp-cash-payment,https://escortsbookings.com/escortgirls/ria-top-rated-defence-colony-girls-%e2%ad%90-verified-profiles-same-day-booking,0.4587,low,"dehradun, girls, gold, whatsapp, black, call, color, cash"
https://escortsbookings.com,https://escortsbookings.com/escortgirls/ria-top-rated-defence-colony-girls-%e2%ad%90-verified-profiles-same-day-booking,0.4577,low,"dehradun, girls, gold, photos, call, awesome, booking, whatsapp"
https://escortsbookings.com/,https://escortsbookings.com/escortgirls/ria-top-rated-defence-colony-girls-%e2%ad%90-verified-profiles-same-day-booking,0.4577,low,"dehradun, girls, gold, photos, call, awesome, booking, whatsapp"
https://escortsbookings.com/dadrink/yes,https://escortsbookings.com/wp-login.php,0.4576,low,"dehradun, rajpur, fun, service, girls, escort, road, call"
https://escortsbookings.com/dasmoke/yes,https://escortsbookings.com/wp-login.php,0.4576,low,"dehradun, rajpur, fun, service, girls, escort, road, call"
https://escortsbookings.com/daeyes/black,https://escortsbookings.com/wp-login.php,0.456,low,"dehradun, rajpur, fun, service, girls, escort, road, call"
https://escortsbookings.com/dahair/black,https://escortsbookings.com/wp-login.php,0.456,low,"dehradun, rajpur, fun, service, girls, escort, road, call"
https://escortsbookings.com/dasexuality/straight,https://escortsbookings.com/wp-login.php,0.456,low,"dehradun, rajpur, fun, service, girls, escort, road, call"
https://escortsbookings.com/escortgirls/amara-trusted-gms-road-services-%e2%9c%85-real-call-girls-photos-whatsapp-contact,https://escortsbookings.com/escortgirls/kritika-affordable-doiwala-escorts-%f0%9f%92%b8-%e2%82%b93100-verified-profiles,0.4538,low,"dehradun, black, call, gold, whatsapp, girls, color, trusted"
https://escortsbookings.com,https://escortsbookings.com/escortgirls/laharika-verified-call-girls-in-race-course-%f0%9f%94%90-whatsapp-verified,0.4529,low,"dehradun, girls, call, whatsapp, gold, photos, verified, awesome"
https://escortsbookings.com/,https://escortsbookings.com/escortgirls/laharika-verified-call-girls-in-race-course-%f0%9f%94%90-whatsapp-verified,0.4529,low,"dehradun, girls, call, whatsapp, gold, photos, verified, awesome"
https://escortsbookings.com/escortgirls/kritika-affordable-doiwala-escorts-%f0%9f%92%b8-%e2%82%b93100-verified-profiles,https://escortsbookings.com/escortgirls/laharika-verified-call-girls-in-race-course-%f0%9f%94%90-whatsapp-verified,0.4525,low,"dehradun, verified, black, call, whatsapp, gold, girls, color"
https://escortsbookings.com/escortgirls/mohini-banjarawala-independent-escorts-%e2%9c%a8-real-photos-24x7-bookings-%e2%82%b93-6k,https://escortsbookings.com/escortgirls/shanaya-escort-service-near-me-%f0%9f%8c%9f-book-vip-call-girls-near-you,0.4515,low,"dehradun, black, call, girls, color, whatsapp, escort, independent"
https://escortsbookings.com/escortgirls/aisha-dalanwala-call-girls-%e2%98%8e%ef%b8%8f-100-verified-%e2%82%b92-5k-photos-numbers,https://escortsbookings.com/escortgirls/sanya-karanpur-premium-escorts-%e2%9d%a4%ef%b8%8f-real-photos-safe-booking-instant-whatsa,0.4512,low,"photos, dehradun, black, color, call, real, escorts, eyes"
https://escortsbookings.com/dabody/slim,https://escortsbookings.com/wp-login.php,0.4504,low,"dehradun, rajpur, fun, service, girls, escort, road, call"
https://escortsbookings.com/escortgirls/kritika-affordable-doiwala-escorts-%f0%9f%92%b8-%e2%82%b93100-verified-profiles,https://escortsbookings.com/escortgirls/mohini-banjarawala-independent-escorts-%e2%9c%a8-real-photos-24x7-bookings-%e2%82%b93-6k,0.4486,low,"dehradun, black, color, call, escorts, girls, escort, photos"
https://escortsbookings.com/escortgirls/advika-book-call-girls-now-%e2%9c%85-genuine-whatsapp-cash-payment,https://escortsbookings.com/escortgirls/mohini-banjarawala-independent-escorts-%e2%9c%a8-real-photos-24x7-bookings-%e2%82%b93-6k,0.4485,low,"dehradun, whatsapp, black, call, girls, color, photos, eyes"
https://escortsbookings.com/escortgirls/advika-book-call-girls-now-%e2%9c%85-genuine-whatsapp-cash-payment,https://escortsbookings.com/escortgirls/aisha-dalanwala-call-girls-%e2%98%8e%ef%b8%8f-100-verified-%e2%82%b92-5k-photos-numbers,0.4484,low,"dehradun, call, black, photos, girls, color, whatsapp, eyes"
https://escortsbookings.com/escortgirls/nithya-clock-tower-escort-service-24-7-genuine-call-girls-real-photos,https://escortsbookings.com/escortgirls/sanya-karanpur-premium-escorts-%e2%9d%a4%ef%b8%8f-real-photos-safe-booking-instant-whatsa,0.4479,low,"photos, dehradun, real, black, color, call, escort, girls"
https://escortsbookings.com/escortgirls/advika-book-call-girls-now-%e2%9c%85-genuine-whatsapp-cash-payment,https://escortsbookings.com/escortgirls/sanya-karanpur-premium-escorts-%e2%9d%a4%ef%b8%8f-real-photos-safe-booking-instant-whatsa,0.4475,low,"dehradun, whatsapp, photos, black, color, safe, call, gold"
https://escortsbookings.com/escortgirls/advika-book-call-girls-now-%e2%9c%85-genuine-whatsapp-cash-payment,https://escortsbookings.com/escortgirls/kritika-affordable-doiwala-escorts-%f0%9f%92%b8-%e2%82%b93100-verified-profiles,0.4472,low,"dehradun, gold, whatsapp, black, call, girls, color, genuine"
https://escortsbookings.com/escortgirls/kritika-affordable-doiwala-escorts-%f0%9f%92%b8-%e2%82%b93100-verified-profiles,https://escortsbookings.com/escortgirls/nisha-jakhan-affordable-call-girls-24x7-cash-payment-real-photos,0.4459,low,"dehradun, affordable, call, gold, black, color, girls, photos"
https://escortsbookings.com/escortgirls/nimrat-trusted-call-girls-ajabpur-kalan-%e2%ad%90-24-7-service-genuine-whatsapp,https://escortsbookings.com/escortgirls/tanvi-jogiwala-top-escorts-100-real-call-girls-whatsapp-photos-%e2%82%b93k-cod,0.4445,low,"whatsapp, dehradun, call, gold, girls, black, color, escort"
https://escortsbookings.com/escortgirls/laharika-verified-call-girls-in-race-course-%f0%9f%94%90-whatsapp-verified,https://escortsbookings.com/escortgirls/mohini-banjarawala-independent-escorts-%e2%9c%a8-real-photos-24x7-bookings-%e2%82%b93-6k,0.4443,low,"dehradun, black, call, girls, whatsapp, photos, color, verified"
https://escortsbookings.com/escortgirls/kritika-affordable-doiwala-escorts-%f0%9f%92%b8-%e2%82%b93100-verified-profiles,https://escortsbookings.com/escortgirls/oeshi-ballupur-russian-escorts-%f0%9f%8c%9f-100-verified-%e2%82%b93800-whatsapp-photos,0.444,low,"dehradun, whatsapp, black, color, photos, gold, call, escorts"
https://escortsbookings.com/escortgirls/nimrat-trusted-call-girls-ajabpur-kalan-%e2%ad%90-24-7-service-genuine-whatsapp,https://escortsbookings.com/escortgirls/sanya-karanpur-premium-escorts-%e2%9d%a4%ef%b8%8f-real-photos-safe-booking-instant-whatsa,0.443,low,"dehradun, whatsapp, color, photos, sanya, black, whatsa, karanpur"
https://escortsbookings.com/escortgirls/nimrat-trusted-call-girls-ajabpur-kalan-%e2%ad%90-24-7-service-genuine-whatsapp,https://escortsbookings.com/escortgirls/nisha-jakhan-affordable-call-girls-24x7-cash-payment-real-photos,0.4422,low,"dehradun, call, girls, gold, color, photos, black, real"
https://escortsbookings.com/escortgirls/kashish-vikas-nagar-elite-escorts-%e2%9d%a4%ef%b8%8f-affordable-trusted-services,https://escortsbookings.com/escortgirls/nimrat-trusted-call-girls-ajabpur-kalan-%e2%ad%90-24-7-service-genuine-whatsapp,0.4401,low,"dehradun, trusted, gold, call, black, color, genuine, affordable"
https://escortsbookings.com/escortgirls/advika-book-call-girls-now-%e2%9c%85-genuine-whatsapp-cash-payment,https://escortsbookings.com/escortgirls/shreya-dharampur-call-girl-service-%e2%82%b93500-genuine-photos-phone-numbers,0.4393,low,"dehradun, call, genuine, black, gold, photos, girls, color"
https://escortsbookings.com/escortgirls/aisha-dalanwala-call-girls-%e2%98%8e%ef%b8%8f-100-verified-%e2%82%b92-5k-photos-numbers,https://escortsbookings.com/escortgirls/shanaya-escort-service-near-me-%f0%9f%8c%9f-book-vip-call-girls-near-you,0.4387,low,"dehradun, call, black, girls, color, escort, numbers, verified"
https://escortsbookings.com/escortgirls/laharika-verified-call-girls-in-race-course-%f0%9f%94%90-whatsapp-verified,https://escortsbookings.com/escortgirls/nimrat-trusted-call-girls-ajabpur-kalan-%e2%ad%90-24-7-service-genuine-whatsapp,0.4385,low,"whatsapp, dehradun, call, girls, gold, black, color, escort"
https://escortsbookings.com/dahair/brown,https://escortsbookings.com/wp-login.php,0.4384,low,"dehradun, rajpur, fun, service, girls, escort, road, call"
https://escortsbookings.com/escortgirls/shreya-dharampur-call-girl-service-%e2%82%b93500-genuine-photos-phone-numbers,https://escortsbookings.com/escortgirls/tanvi-jogiwala-top-escorts-100-real-call-girls-whatsapp-photos-%e2%82%b93k-cod,0.4378,low,"dehradun, call, photos, gold, black, color, girls, escort"
https://escortsbookings.com/category/elite-call-girls,https://escortsbookings.com/dabody/other,0.4372,low,"call, girls, dehradun, results, found, escort, service, rajpur"
https://escortsbookings.com/category/elite-call-girls,https://escortsbookings.com/dadrink/no,0.4372,low,"call, girls, dehradun, results, found, escort, service, rajpur"
https://escortsbookings.com/category/elite-call-girls,https://escortsbookings.com/daeyes/other,0.4372,low,"call, girls, dehradun, results, found, escort, service, rajpur"
https://escortsbookings.com/category/elite-call-girls,https://escortsbookings.com/dasmoke/no,0.4372,low,"call, girls, dehradun, results, found, escort, service, rajpur"
https://escortsbookings.com/escortgirls/kritika-affordable-doiwala-escorts-%f0%9f%92%b8-%e2%82%b93100-verified-profiles,https://escortsbookings.com/escortgirls/shanaya-escort-service-near-me-%f0%9f%8c%9f-book-vip-call-girls-near-you,0.4367,low,"dehradun, black, call, gold, girls, color, escort, whatsapp"
https://escortsbookings.com,https://escortsbookings.com/escortgirls/nikita-garhi-cantt-vip-call-girls-%f0%9f%94%90-verified-safe-instant-whatsapp,0.4363,low,"dehradun, girls, call, whatsapp, gold, photos, instant, vip"
https://escortsbookings.com/,https://escortsbookings.com/escortgirls/nikita-garhi-cantt-vip-call-girls-%f0%9f%94%90-verified-safe-instant-whatsapp,0.4363,low,"dehradun, girls, call, whatsapp, gold, photos, instant, vip"
https://escortsbookings.com/dathnicity/russian,https://escortsbookings.com/wp-login.php,0.4359,low,"dehradun, rajpur, fun, service, girls, escort, road, call"
https://escortsbookings.com/dabody/average,https://escortsbookings.com/wp-login.php,0.4354,low,"dehradun, rajpur, fun, service, girls, escort, road, call"
https://escortsbookings.com/escortgirls/amara-trusted-gms-road-services-%e2%9c%85-real-call-girls-photos-whatsapp-contact,https://escortsbookings.com/escortgirls/sanya-karanpur-premium-escorts-%e2%9d%a4%ef%b8%8f-real-photos-safe-booking-instant-whatsa,0.4339,low,"photos, dehradun, real, black, whatsapp, call, color, eyes"
https://escortsbookings.com/escortgirls/chanda-affordable-escort-in-rajpur-%e2%82%b92-7k-genuine-photos-secure-whatsapp,https://escortsbookings.com/escortgirls/sanya-karanpur-premium-escorts-%e2%9d%a4%ef%b8%8f-real-photos-safe-booking-instant-whatsa,0.433,low,"photos, dehradun, whatsapp, black, color, escort, call, gold"
https://escortsbookings.com/dathnicity/mixed,https://escortsbookings.com/wp-login.php,0.4326,low,"dehradun, rajpur, fun, service, girls, escort, road, call"
https://escortsbookings.com/escortgirls/nimrat-trusted-call-girls-ajabpur-kalan-%e2%ad%90-24-7-service-genuine-whatsapp,https://escortsbookings.com/escortgirls/oeshi-ballupur-russian-escorts-%f0%9f%8c%9f-100-verified-%e2%82%b93800-whatsapp-photos,0.4326,low,"whatsapp, dehradun, call, color, girls, black, photos, gold"
https://escortsbookings.com/escortgirls/aisha-dalanwala-call-girls-%e2%98%8e%ef%b8%8f-100-verified-%e2%82%b92-5k-photos-numbers,https://escortsbookings.com/escortgirls/kashish-vikas-nagar-elite-escorts-%e2%9d%a4%ef%b8%8f-affordable-trusted-services,0.4314,low,"dehradun, photos, black, call, color, awesome, numbers, girls"
https://escortsbookings.com/escortgirls/kritika-affordable-doiwala-escorts-%f0%9f%92%b8-%e2%82%b93100-verified-profiles,https://escortsbookings.com/escortgirls/ria-top-rated-defence-colony-girls-%e2%ad%90-verified-profiles-same-day-booking,0.4312,low,"dehradun, profiles, gold, black, color, girls, affordable, call"
https://escortsbookings.com/escortgirls/priya-call-girls-in-brahmanwala-%e2%98%8e%ef%b8%8f-100-verified-whatsapp-numbers-%e2%82%b92k,https://escortsbookings.com/escortgirls/ria-top-rated-defence-colony-girls-%e2%ad%90-verified-profiles-same-day-booking,0.4293,low,"dehradun, girls, gold, color, whatsapp, call, black, eyes"
https://escortsbookings.com/escortgirls/mohini-banjarawala-independent-escorts-%e2%9c%a8-real-photos-24x7-bookings-%e2%82%b93-6k,https://escortsbookings.com/escortgirls/shreya-dharampur-call-girl-service-%e2%82%b93500-genuine-photos-phone-numbers,0.4284,low,"dehradun, photos, call, black, color, girls, escort, real"
https://escortsbookings.com/escortgirls/laharika-verified-call-girls-in-race-course-%f0%9f%94%90-whatsapp-verified,https://escortsbookings.com/escortgirls/nisha-jakhan-affordable-call-girls-24x7-cash-payment-real-photos,0.4282,low,"dehradun, call, photos, girls, black, color, gold, awesome"
https://escortsbookings.com/category/elite-call-girls,https://escortsbookings.com/category/vip-call-girls,0.4263,low,"call, girls, dehradun, elite, ladies, results, escort, escortsbookings"
https://escortsbookings.com/escortgirls/kashish-vikas-nagar-elite-escorts-%e2%9d%a4%ef%b8%8f-affordable-trusted-services,https://escortsbookings.com/escortgirls/priya-call-girls-in-brahmanwala-%e2%98%8e%ef%b8%8f-100-verified-whatsapp-numbers-%e2%82%b92k,0.4262,low,"dehradun, gold, call, black, color, girls, escorts, eyes"
https://escortsbookings.com/escortgirls/kashish-vikas-nagar-elite-escorts-%e2%9d%a4%ef%b8%8f-affordable-trusted-services,https://escortsbookings.com/escortgirls/kritika-affordable-doiwala-escorts-%f0%9f%92%b8-%e2%82%b93100-verified-profiles,0.4248,low,"dehradun, affordable, gold, black, color, call, escorts, trusted"
https://escortsbookings.com/escortgirls/oeshi-ballupur-russian-escorts-%f0%9f%8c%9f-100-verified-%e2%82%b93800-whatsapp-photos,https://escortsbookings.com/escortgirls/shanaya-escort-service-near-me-%f0%9f%8c%9f-book-vip-call-girls-near-you,0.4238,low,"dehradun, whatsapp, call, black, girls, escort, color, eyes"
https://escortsbookings.com/escortgirls/laharika-verified-call-girls-in-race-course-%f0%9f%94%90-whatsapp-verified,https://escortsbookings.com/escortgirls/ria-top-rated-defence-colony-girls-%e2%ad%90-verified-profiles-same-day-booking,0.4223,low,"dehradun, girls, whatsapp, gold, call, black, color, verified"
https://escortsbookings.com/category/vip-call-girls,https://escortsbookings.com/dabody/other,0.4222,low,"call, girls, dehradun, results, found, service, escort, rajpur"
https://escortsbookings.com/category/vip-call-girls,https://escortsbookings.com/dadrink/no,0.4222,low,"call, girls, dehradun, results, found, service, escort, rajpur"
https://escortsbookings.com/category/vip-call-girls,https://escortsbookings.com/daeyes/other,0.4222,low,"call, girls, dehradun, results, found, service, escort, rajpur"
https://escortsbookings.com/category/vip-call-girls,https://escortsbookings.com/dasmoke/no,0.4222,low,"call, girls, dehradun, results, found, service, escort, rajpur"
https://escortsbookings.com/escortgirls/aisha-dalanwala-call-girls-%e2%98%8e%ef%b8%8f-100-verified-%e2%82%b92-5k-photos-numbers,https://escortsbookings.com/escortgirls/kritika-affordable-doiwala-escorts-%f0%9f%92%b8-%e2%82%b93100-verified-profiles,0.4185,low,"dehradun, black, call, color, photos, girls, verified, eyes"
https://escortsbookings.com/escortgirls/oeshi-ballupur-russian-escorts-%f0%9f%8c%9f-100-verified-%e2%82%b93800-whatsapp-photos,https://escortsbookings.com/escortgirls/ria-top-rated-defence-colony-girls-%e2%ad%90-verified-profiles-same-day-booking,0.4171,low,"dehradun, photos, whatsapp, color, girls, black, real, gold"
https://escortsbookings.com/category/elite-call-girls,https://escortsbookings.com/dagender/female-escort,0.4166,low,"call, dehradun, girls, escort, results, found, service, female"
https://escortsbookings.com/escortgirls/mohini-banjarawala-independent-escorts-%e2%9c%a8-real-photos-24x7-bookings-%e2%82%b93-6k,https://escortsbookings.com/escortgirls/ria-top-rated-defence-colony-girls-%e2%ad%90-verified-profiles-same-day-booking,0.4125,low,"dehradun, photos, girls, black, color, real, independent, call"
https://escortsbookings.com/escortgirls/kashish-vikas-nagar-elite-escorts-%e2%9d%a4%ef%b8%8f-affordable-trusted-services,https://escortsbookings.com/escortgirls/tanvi-jogiwala-top-escorts-100-real-call-girls-whatsapp-photos-%e2%82%b93k-cod,0.4102,low,"dehradun, gold, call, black, color, escorts, photos, girls"
https://escortsbookings.com,https://escortsbookings.com/escortgirls/nimrat-trusted-call-girls-ajabpur-kalan-%e2%ad%90-24-7-service-genuine-whatsapp,0.4092,low,"dehradun, girls, call, whatsapp, gold, genuine, awesome, height"
https://escortsbookings.com/,https://escortsbookings.com/escortgirls/nimrat-trusted-call-girls-ajabpur-kalan-%e2%ad%90-24-7-service-genuine-whatsapp,0.4092,low,"dehradun, girls, call, whatsapp, gold, genuine, awesome, height"
https://escortsbookings.com/?s=,https://escortsbookings.com/wp-login.php,0.4086,low,"dehradun, rajpur, fun, service, girls, escort, road, call"
https://escortsbookings.com/escortgirls/shanaya-escort-service-near-me-%f0%9f%8c%9f-book-vip-call-girls-near-you,https://escortsbookings.com/escortgirls/shreya-dharampur-call-girl-service-%e2%82%b93500-genuine-photos-phone-numbers,0.407,low,"dehradun, call, black, gold, girls, escort, service, color"
https://escortsbookings.com/escortgirls/aisha-dalanwala-call-girls-%e2%98%8e%ef%b8%8f-100-verified-%e2%82%b92-5k-photos-numbers,https://escortsbookings.com/escortgirls/ria-top-rated-defence-colony-girls-%e2%ad%90-verified-profiles-same-day-booking,0.4069,low,"photos, dehradun, girls, black, call, color, awesome, verified"
https://escortsbookings.com/escortgirls/kashish-vikas-nagar-elite-escorts-%e2%9d%a4%ef%b8%8f-affordable-trusted-services,https://escortsbookings.com/escortgirls/oeshi-ballupur-russian-escorts-%f0%9f%8c%9f-100-verified-%e2%82%b93800-whatsapp-photos,0.4067,low,"dehradun, photos, black, color, whatsapp, call, gold, escorts"
https://escortsbookings.com/escortgirls/nimrat-trusted-call-girls-ajabpur-kalan-%e2%ad%90-24-7-service-genuine-whatsapp,https://escortsbookings.com/escortgirls/shanaya-escort-service-near-me-%f0%9f%8c%9f-book-vip-call-girls-near-you,0.4049,low,"dehradun, whatsapp, call, girls, black, gold, color, escort"
https://escortsbookings.com/escortgirls/kashish-vikas-nagar-elite-escorts-%e2%9d%a4%ef%b8%8f-affordable-trusted-services,https://escortsbookings.com/escortgirls/nikita-garhi-cantt-vip-call-girls-%f0%9f%94%90-verified-safe-instant-whatsapp,0.4048,low,"dehradun, black, call, gold, color, girls, whatsapp, photos"
https://escortsbookings.com/category/elite-call-girls,https://escortsbookings.com/dathnicity/indian,0.4042,low,"call, girls, dehradun, results, found, escort, service, rajpur"
https://escortsbookings.com/dabody/big-and-lovely,https://escortsbookings.com/wp-login.php,0.4037,low,"dehradun, rajpur, fun, service, girls, escort, road, call"
https://escortsbookings.com/escortgirls/nisha-jakhan-affordable-call-girls-24x7-cash-payment-real-photos,https://escortsbookings.com/escortgirls/shanaya-escort-service-near-me-%f0%9f%8c%9f-book-vip-call-girls-near-you,0.4026,low,"dehradun, call, girls, black, vip, color, gold, escort"
https://escortsbookings.com/category/elite-call-girls,https://escortsbookings.com/dadrink/yes,0.4022,low,"call, girls, dehradun, results, found, escort, service, rajpur"
https://escortsbookings.com/category/elite-call-girls,https://escortsbookings.com/dasmoke/yes,0.4022,low,"call, girls, dehradun, results, found, escort, service, rajpur"
https://escortsbookings.com/category/elite-call-girls,https://escortsbookings.com/daeyes/black,0.4008,low,"call, girls, dehradun, results, found, escort, service, rajpur"
https://escortsbookings.com/category/elite-call-girls,https://escortsbookings.com/dahair/black,0.4008,low,"call, girls, dehradun, results, found, escort, service, rajpur"
https://escortsbookings.com/category/elite-call-girls,https://escortsbookings.com/dasexuality/straight,0.4008,low,"call, girls, dehradun, results, found, escort, service, rajpur"
https://escortsbookings.com/escortgirls/kashish-vikas-nagar-elite-escorts-%e2%9d%a4%ef%b8%8f-affordable-trusted-services,https://escortsbookings.com/escortgirls/ria-top-rated-defence-colony-girls-%e2%ad%90-verified-profiles-same-day-booking,0.4008,low,"dehradun, gold, affordable, black, awesome, color, photos, call"
