url,status_code,error,title,title_length,meta_description,h1_count,word_count,canonical,noindex,inbound_links,is_orphan,click_depth,decay_score,decay_last_modified_known,decay_days_since_modified,decay_is_thin
https://escortsbookings.com,200,,Call Girls in Dehradun | Explore 20+ Dehradun Escorts Profiles,62,Explore premium Dehradun escorts starting at Rs. 2999. VIP call girls and Russian escorts available 24/7 for Incall & outcall with free doorstep delivery. Book now!,1,1906,https://escortsbookings.com/,False,57,False,1,0,False,,False
https://escortsbookings.com/,200,,Call Girls in Dehradun | Explore 20+ Dehradun Escorts Profiles,62,Explore premium Dehradun escorts starting at Rs. 2999. VIP call girls and Russian escorts available 24/7 for Incall & outcall with free doorstep delivery. Book now!,1,1906,https://escortsbookings.com/,False,55,False,0,0,False,,False
https://escortsbookings.com/?s=,200,,You searched for  | Call Girls in Dehradun | Rajpur Road Dehradun Escort Service 24/7 For Fun,93,,0,140,,True,28,False,2,30,False,,True
https://escortsbookings.com/about-us,200,,About Us | Call Girls in Dehradun | Rajpur Road Dehradun Escort Service 24/7 For Fun,84,,0,627,https://escortsbookings.com/about-us/,False,55,False,1,0,False,,False
https://escortsbookings.com/category/asian-girls,200,,Asian Girls | Call Girls in Dehradun | Rajpur Road Dehradun Escort Service 24/7 For Fun,87,,1,369,,True,4,False,2,0,False,,False
https://escortsbookings.com/category/college-girls,200,,College Girls | Call Girls in Dehradun | Rajpur Road Dehradun Escort Service 24/7 For Fun,89,,1,447,,True,3,False,2,0,False,,False
https://escortsbookings.com/category/elite-call-girls,200,,Elite Call Girls | Call Girls in Dehradun | Rajpur Road Dehradun Escort Service 24/7 For Fun,92,,1,429,,True,4,False,2,0,False,,False
https://escortsbookings.com/category/independent-escorts,200,,Independent Escorts | Call Girls in Dehradun | Rajpur Road Dehradun Escort Service 24/7 For Fun,95,,1,445,,True,5,False,2,0,False,,False
https://escortsbookings.com/category/indian-escorts,200,,Indian Escorts | Call Girls in Dehradun | Rajpur Road Dehradun Escort Service 24/7 For Fun,90,,1,480,,True,4,False,2,0,False,,False
https://escortsbookings.com/category/photos-verified-escorts,200,,Photos Verified Escorts | Call Girls in Dehradun | Rajpur Road Dehradun Escort Service 24/7 For Fun,99,,1,452,,True,4,False,2,0,False,,False
https://escortsbookings.com/category/russian-escorts,200,,Russian Escorts | Call Girls in Dehradun | Rajpur Road Dehradun Escort Service 24/7 For Fun,91,,1,409,,True,4,False,2,0,False,,False
https://escortsbookings.com/category/vip-call-girls,200,,VIP Call Girls | Call Girls in Dehradun | Rajpur Road Dehradun Escort Service 24/7 For Fun,90,,1,418,,True,5,False,2,0,False,,False
https://escortsbookings.com/category/young-escorts,200,,Young Escorts | Call Girls in Dehradun | Rajpur Road Dehradun Escort Service 24/7 For Fun,89,,1,401,,True,2,False,2,0,False,,False
https://escortsbookings.com/contact,200,,Contact | Call Girls in Dehradun | Rajpur Road Dehradun Escort Service 24/7 For Fun,83,,0,215,https://escortsbookings.com/contact/,False,55,False,1,30,False,,True
https://escortsbookings.com/customer-reviews,200,,Customer Reviews | Call Girls in Dehradun | Rajpur Road Dehradun Escort Service 24/7 For Fun,92,,1,1012,,True,2,False,1,0,False,,False
https://escortsbookings.com/dabody/average,200,,Average Archives | Call Girls in Dehradun | Rajpur Road Dehradun Escort Service 24/7 For Fun,92,,0,140,,True,4,False,2,30,False,,True
https://escortsbookings.com/dabody/big-and-lovely,200,,Big and lovely Archives | Call Girls in Dehradun | Rajpur Road Dehradun Escort Service 24/7 For Fun,99,,0,144,,True,5,False,2,30,False,,True
https://escortsbookings.com/dabody/other,200,,Other Archives | Call Girls in Dehradun | Rajpur Road Dehradun Escort Service 24/7 For Fun,90,,0,140,,True,2,False,2,30,False,,True
https://escortsbookings.com/dabody/slim,200,,Slim Archives | Call Girls in Dehradun | Rajpur Road Dehradun Escort Service 24/7 For Fun,89,,0,140,,True,9,False,2,30,False,,True
https://escortsbookings.com/dadrink/no,200,,No Archives | Call Girls in Dehradun | Rajpur Road Dehradun Escort Service 24/7 For Fun,87,,0,140,,True,5,False,2,30,False,,True
https://escortsbookings.com/dadrink/yes,200,,Yes Archives | Call Girls in Dehradun | Rajpur Road Dehradun Escort Service 24/7 For Fun,88,,0,140,,True,16,False,2,30,False,,True
https://escortsbookings.com/daeyes/black,200,,Black Archives | Call Girls in Dehradun | Rajpur Road Dehradun Escort Service 24/7 For Fun,90,,0,140,,True,18,False,2,30,False,,True
https://escortsbookings.com/daeyes/other,200,,Other Archives | Call Girls in Dehradun | Rajpur Road Dehradun Escort Service 24/7 For Fun,90,,0,140,,True,2,False,2,30,False,,True
https://escortsbookings.com/dagender/female-escort,200,,Female Escort Archives | Call Girls in Dehradun | Rajpur Road Dehradun Escort Service 24/7 For Fun,98,,0,142,,True,20,False,2,30,False,,True
https://escortsbookings.com/dahair/black,200,,Black Archives | Call Girls in Dehradun | Rajpur Road Dehradun Escort Service 24/7 For Fun,90,,0,140,,True,16,False,2,30,False,,True
https://escortsbookings.com/dahair/brown,200,,Brown Archives | Call Girls in Dehradun | Rajpur Road Dehradun Escort Service 24/7 For Fun,90,,0,140,,True,4,False,2,30,False,,True
https://escortsbookings.com/dasexuality/straight,200,,Straight Archives | Call Girls in Dehradun | Rajpur Road Dehradun Escort Service 24/7 For Fun,93,,0,140,,True,19,False,2,30,False,,True
https://escortsbookings.com/dasmoke/no,200,,No Archives | Call Girls in Dehradun | Rajpur Road Dehradun Escort Service 24/7 For Fun,87,,0,140,,True,7,False,2,30,False,,True
https://escortsbookings.com/dasmoke/yes,200,,Yes Archives | Call Girls in Dehradun | Rajpur Road Dehradun Escort Service 24/7 For Fun,88,,0,140,,True,14,False,2,30,False,,True
https://escortsbookings.com/dathnicity/indian,200,,Indian Archives | Call Girls in Dehradun | Rajpur Road Dehradun Escort Service 24/7 For Fun,91,,0,139,,True,13,False,2,30,False,,True
https://escortsbookings.com/dathnicity/mixed,200,,Mixed Archives | Call Girls in Dehradun | Rajpur Road Dehradun Escort Service 24/7 For Fun,90,,0,139,,True,4,False,2,30,False,,True
https://escortsbookings.com/dathnicity/russian,200,,Russian Archives | Call Girls in Dehradun | Rajpur Road Dehradun Escort Service 24/7 For Fun,92,,0,139,,True,4,False,2,30,False,,True
https://escortsbookings.com/disclaimer,200,,Disclaimer | Call Girls in Dehradun | Rajpur Road Dehradun Escort Service 24/7 For Fun,86,,1,972,https://escortsbookings.com/disclaimer/,False,55,False,1,0,False,,False
https://escortsbookings.com/escortgirls/advika-book-call-girls-now-%e2%9c%85-genuine-whatsapp-cash-payment,200,,Advika | Book Call Girls Now! ✅ | Genuine WhatsApp & Cash Payment | Call Girls in Dehradun | Rajpur Road Dehradun Escort Service 24/7 For Fun,141,,1,735,https://escortsbookings.com/escortgirls/advika-book-call-girls-now-✅-genuine-whatsapp-cash-payment/,False,6,False,1,0,False,,False
https://escortsbookings.com/escortgirls/aisha-dalanwala-call-girls-%e2%98%8e%ef%b8%8f-100-verified-%e2%82%b92-5k-photos-numbers,200,,Aisha - Dalanwala Call Girls ☎️ 100% Verified ₹2.5k | Photos & Numbers | Call Girls in Dehradun | Rajpur Road Dehradun Escort Service 24/7 For Fun,146,,1,658,https://escortsbookings.com/escortgirls/aisha-dalanwala-call-girls-☎️-100-verified-₹2-5k-photos-numbers/,False,6,False,1,0,False,,False
https://escortsbookings.com/escortgirls/amara-trusted-gms-road-services-%e2%9c%85-real-call-girls-photos-whatsapp-contact,200,,Amara | Trusted GMS Road Services ✅ Real Call Girls Photos & WhatsApp Contact | Call Girls in Dehradun | Rajpur Road Dehradun Escort Service 24/7 For Fun,153,,1,671,https://escortsbookings.com/escortgirls/amara-trusted-gms-road-services-✅-real-call-girls-photos-whatsapp-contact/,False,5,False,1,0,False,,False
https://escortsbookings.com/escortgirls/chanda-affordable-escort-in-rajpur-%e2%82%b92-7k-genuine-photos-secure-whatsapp,200,,"Chanda | Affordable Escort In Rajpur ₹2.7k – Genuine Photos, Secure WhatsApp | Call Girls in Dehradun | Rajpur Road Dehradun Escort Service 24/7 For Fun",152,,1,640,https://escortsbookings.com/escortgirls/chanda-affordable-escort-in-rajpur-₹2-7k-genuine-photos-secure-whatsapp/,False,4,False,2,0,False,,False
https://escortsbookings.com/escortgirls/kashish-vikas-nagar-elite-escorts-%e2%9d%a4%ef%b8%8f-affordable-trusted-services,200,,Kashish | Vikas Nagar Elite Escorts ❤️ Affordable & Trusted Services | Call Girls in Dehradun | Rajpur Road Dehradun Escort Service 24/7 For Fun,144,,1,633,https://escortsbookings.com/escortgirls/kashish-vikas-nagar-elite-escorts-❤️-affordable-trusted-services/,False,1,False,2,0,False,,False
https://escortsbookings.com/escortgirls/kritika-affordable-doiwala-escorts-%f0%9f%92%b8-%e2%82%b93100-verified-profiles,200,,"Kritika | Affordable Doiwala Escorts 💸 ₹3,100 | Verified Profiles | Call Girls in Dehradun | Rajpur Road Dehradun Escort Service 24/7 For Fun",141,,1,737,https://escortsbookings.com/escortgirls/kritika-affordable-doiwala-escorts-💸-₹3100-verified-profiles/,False,3,False,2,0,False,,False
https://escortsbookings.com/escortgirls/laharika-verified-call-girls-in-race-course-%f0%9f%94%90-whatsapp-verified,200,,Laharika - Verified Call Girls in Race Course 🔐 WhatsApp Verified | Call Girls in Dehradun | Rajpur Road Dehradun Escort Service 24/7 For Fun,141,,1,717,https://escortsbookings.com/escortgirls/laharika-verified-call-girls-in-race-course-🔐-whatsapp-verified/,False,4,False,1,0,False,,False
https://escortsbookings.com/escortgirls/mohini-banjarawala-independent-escorts-%e2%9c%a8-real-photos-24x7-bookings-%e2%82%b93-6k,200,,Mohini - Banjarawala Independent Escorts ✨ Real Photos | 24x7 Bookings @ ₹3.6k | Call Girls in Dehradun | Rajpur Road Dehradun Escort Service 24/7 For Fun,154,,1,661,https://escortsbookings.com/escortgirls/mohini-banjarawala-independent-escorts-✨-real-photos-24x7-bookings-₹3-6k/,False,3,False,2,0,False,,False
https://escortsbookings.com/escortgirls/nikita-garhi-cantt-vip-call-girls-%f0%9f%94%90-verified-safe-instant-whatsapp,200,,Nikita | Garhi Cantt VIP Call Girls 🔐 Verified & Safe | Instant WhatsApp | Call Girls in Dehradun | Rajpur Road Dehradun Escort Service 24/7 For Fun,148,,1,709,https://escortsbookings.com/escortgirls/nikita-garhi-cantt-vip-call-girls-🔐-verified-safe-instant-whatsapp/,False,6,False,2,0,False,,False
https://escortsbookings.com/escortgirls/nimrat-trusted-call-girls-ajabpur-kalan-%e2%ad%90-24-7-service-genuine-whatsapp,200,,Nimrat | Trusted Call Girls Ajabpur Kalan ⭐ 24/7 Service | Genuine WhatsApp | Call Girls in Dehradun | Rajpur Road Dehradun Escort Service 24/7 For Fun,151,,1,693,https://escortsbookings.com/escortgirls/nimrat-trusted-call-girls-ajabpur-kalan-⭐-24-7-service-genuine-whatsapp/,False,3,False,2,0,False,,False
https://escortsbookings.com/escortgirls/nisha-jakhan-affordable-call-girls-24x7-cash-payment-real-photos,200,,Nisha - Jakhan Affordable Call Girls – 24×7 Cash Payment | Real Photos | Call Girls in Dehradun | Rajpur Road Dehradun Escort Service 24/7 For Fun,146,,1,704,https://escortsbookings.com/escortgirls/nisha-jakhan-affordable-call-girls-24x7-cash-payment-real-photos/,False,4,False,2,0,False,,False
https://escortsbookings.com/escortgirls/nithya-clock-tower-escort-service-24-7-genuine-call-girls-real-photos,200,,Nithya | Clock Tower Escort Service 24/7 Genuine Call Girls | Real Photos | Call Girls in Dehradun | Rajpur Road Dehradun Escort Service 24/7 For Fun,149,,1,603,https://escortsbookings.com/escortgirls/nithya-clock-tower-escort-service-24-7-genuine-call-girls-real-photos/,False,8,False,1,0,False,,False
https://escortsbookings.com/escortgirls/oeshi-ballupur-russian-escorts-%f0%9f%8c%9f-100-verified-%e2%82%b93800-whatsapp-photos,200,,"Oeshi | Ballupur Russian Escorts 🌟 100% Verified | ₹3,800 + WhatsApp Photos | Call Girls in Dehradun | Rajpur Road Dehradun Escort Service 24/7 For Fun",151,,1,654,https://escortsbookings.com/escortgirls/oeshi-ballupur-russian-escorts-🌟-100-verified-₹3800-whatsapp-photos/,False,3,False,1,0,False,,False
https://escortsbookings.com/escortgirls/priya-call-girls-in-brahmanwala-%e2%98%8e%ef%b8%8f-100-verified-whatsapp-numbers-%e2%82%b92k,200,,Priya | Call Girls In Brahmanwala ☎️ 100% Verified | WhatsApp Numbers @ ₹2k | Call Girls in Dehradun | Rajpur Road Dehradun Escort Service 24/7 For Fun,151,,1,704,https://escortsbookings.com/escortgirls/priya-call-girls-in-brahmanwala-☎️-100-verified-whatsapp-numbers-₹2k/,False,9,False,1,0,False,,False
https://escortsbookings.com/escortgirls/ria-top-rated-defence-colony-girls-%e2%ad%90-verified-profiles-same-day-booking,200,,Ria - Top-Rated Defence Colony Girls ⭐ Verified Profiles | Same-Day Booking | Call Girls in Dehradun | Rajpur Road Dehradun Escort Service 24/7 For Fun,151,,1,699,https://escortsbookings.com/escortgirls/ria-top-rated-defence-colony-girls-⭐-verified-profiles-same-day-booking/,False,4,False,1,0,False,,False
https://escortsbookings.com/escortgirls/sanya-karanpur-premium-escorts-%e2%9d%a4%ef%b8%8f-real-photos-safe-booking-instant-whatsa,200,,"Sanya | Karanpur Premium Escorts ❤️ Real Photos, Safe Booking & Instant WhatsA | Call Girls in Dehradun | Rajpur Road Dehradun Escort Service 24/7 For Fun",154,,1,707,https://escortsbookings.com/escortgirls/sanya-karanpur-premium-escorts-❤️-real-photos-safe-booking-instant-whatsa/,False,5,False,1,0,False,,False
https://escortsbookings.com/escortgirls/shanaya-escort-service-near-me-%f0%9f%8c%9f-book-vip-call-girls-near-you,200,,Shanaya - Escort Service Near Me 🌟 Book VIP Call Girls Near You | Call Girls in Dehradun | Rajpur Road Dehradun Escort Service 24/7 For Fun,139,,1,698,https://escortsbookings.com/escortgirls/shanaya-escort-service-near-me-🌟-book-vip-call-girls-near-you/,False,8,False,1,0,False,,False
https://escortsbookings.com/escortgirls/shreya-dharampur-call-girl-service-%e2%82%b93500-genuine-photos-phone-numbers,200,,"Shreya | Dharampur Call Girl Service ₹3,500 – Genuine Photos, Phone Numbers | Call Girls in Dehradun | Rajpur Road Dehradun Escort Service 24/7 For Fun",151,,1,656,https://escortsbookings.com/escortgirls/shreya-dharampur-call-girl-service-₹3500-genuine-photos-phone-numbers/,False,4,False,1,0,False,,False
https://escortsbookings.com/escortgirls/tanvi-jogiwala-top-escorts-100-real-call-girls-whatsapp-photos-%e2%82%b93k-cod,200,,"Tanvi - Jogiwala Top Escorts – 100% Real Call Girls | WhatsApp Photos, ₹3k COD | Call Girls in Dehradun | Rajpur Road Dehradun Escort Service 24/7 For Fun",154,,1,680,https://escortsbookings.com/escortgirls/tanvi-jogiwala-top-escorts-100-real-call-girls-whatsapp-photos-₹3k-cod/,False,4,False,1,0,False,,False
https://escortsbookings.com/privacy,200,,Privacy Policy | Call Girls in Dehradun | Rajpur Road Dehradun Escort Service 24/7 For Fun,90,,1,2735,https://escortsbookings.com/privacy-policy/,False,1,False,2,0,False,,False
https://escortsbookings.com/privacy-policy,200,,Privacy Policy | Call Girls in Dehradun | Rajpur Road Dehradun Escort Service 24/7 For Fun,90,,1,2735,https://escortsbookings.com/privacy-policy/,False,55,False,1,0,False,,False
https://escortsbookings.com/terms,200,,Terms | Call Girls in Dehradun | Rajpur Road Dehradun Escort Service 24/7 For Fun,81,,2,1810,https://escortsbookings.com/terms/,False,55,False,1,0,False,,False
https://escortsbookings.com/wp-content/uploads/2025/02/24-hour-escort-service-dehradun.jpg,200,,,0,,0,0,,False,1,False,2,46,True,540,False
https://escortsbookings.com/wp-content/uploads/2025/02/5-star-hotel-escort-service-1.jpg,200,,,0,,0,0,,False,1,False,2,46,True,540,False
https://escortsbookings.com/wp-content/uploads/2025/02/5-star-hotel-escort-service.jpg,200,,,0,,0,0,,False,1,False,2,46,True,540,False
https://escortsbookings.com/wp-content/uploads/2025/02/Affordable-call-girls-in-dehradun-1.jpg,200,,,0,,0,0,,False,1,False,2,46,True,540,False
https://escortsbookings.com/wp-content/uploads/2025/02/Affordable-call-girls-in-dehradun.jpg,200,,,0,,0,0,,False,1,False,2,46,True,540,False
https://escortsbookings.com/wp-content/uploads/2025/02/Affordable-escort-girls-dehradun.jpg,200,,,0,,0,0,,False,1,False,2,46,True,540,False
https://escortsbookings.com/wp-content/uploads/2025/02/Affordable-escorts-near-dehradun.jpg,200,,,0,,0,0,,False,1,False,2,46,True,540,False
https://escortsbookings.com/wp-content/uploads/2025/02/Best-call-girl-agencies-dehradun.jpg,200,,,0,,0,0,,False,1,False,2,46,True,540,False
https://escortsbookings.com/wp-content/uploads/2025/02/Best-call-girl-service-1.jpg,200,,,0,,0,0,,False,1,False,2,46,True,540,False
https://escortsbookings.com/wp-content/uploads/2025/02/Best-call-girls-agencies-dehradun.jpg,200,,,0,,0,0,,False,1,False,2,46,True,540,False
https://escortsbookings.com/wp-content/uploads/2025/02/Best-escort-agency-dehradun-1.jpg,200,,,0,,0,0,,False,1,False,2,46,True,540,False
https://escortsbookings.com/wp-content/uploads/2025/02/Best-escort-agency-dehradun.jpg,200,,,0,,0,0,,False,1,False,2,46,True,540,False
https://escortsbookings.com/wp-content/uploads/2025/02/Best-escort-services-dehradun.jpg,200,,,0,,0,0,,False,1,False,2,46,True,540,False
https://escortsbookings.com/wp-content/uploads/2025/02/Best-female-escorts-in-dehradun-1.jpg,200,,,0,,0,0,,False,1,False,2,46,True,540,False
https://escortsbookings.com/wp-content/uploads/2025/02/Blonde-russian-call-girl.jpg,200,,,0,,0,0,,False,1,False,2,46,True,540,False
https://escortsbookings.com/wp-content/uploads/2025/02/Blonde-russian-call-girls.jpg,200,,,0,,0,0,,False,1,False,2,46,True,540,False
https://escortsbookings.com/wp-content/uploads/2025/02/Budget-escort-services-in-dehradun-1.jpg,200,,,0,,0,0,,False,1,False,2,46,True,540,False
https://escortsbookings.com/wp-content/uploads/2025/02/Budget-escort-services-in-dehradun.jpg,200,,,0,,0,0,,False,1,False,2,46,True,540,False
https://escortsbookings.com/wp-content/uploads/2025/02/Busty-russian-escorts.jpg,200,,,0,,0,0,,False,1,False,2,46,True,540,False
https://escortsbookings.com/wp-content/uploads/2025/02/Call-girl-offers-in-dehradun.jpg,200,,,0,,0,0,,False,1,False,2,46,True,540,False
https://escortsbookings.com/wp-content/uploads/2025/02/Call-girl-profiles-dehradun.jpg,200,,,0,,0,0,,False,1,False,2,46,True,540,False
https://escortsbookings.com/wp-content/uploads/2025/02/Call-girl-services-dehradun-area.jpg,200,,,0,,0,0,,False,1,False,2,46,True,540,False
https://escortsbookings.com/wp-content/uploads/2025/02/Call-girls-dehradun-pricing.jpg,200,,,0,,0,0,,False,1,False,2,46,True,540,False
https://escortsbookings.com/wp-content/uploads/2025/02/Call-girls-dehradun-reviews.jpg,200,,,0,,0,0,,False,1,False,2,46,True,540,False
https://escortsbookings.com/wp-content/uploads/2025/02/Call-girls-in-South-dehradun.jpg,200,,,0,,0,0,,False,1,False,2,46,True,540,False
https://escortsbookings.com/wp-content/uploads/2025/02/Call-girls-in-dehradun-services.jpg,200,,,0,,0,0,,False,1,False,2,46,True,540,False
https://escortsbookings.com/wp-content/uploads/2025/02/Call-girls-phone-number-dehradun-1.jpg,200,,,0,,0,0,,False,1,False,2,46,True,540,False
https://escortsbookings.com/wp-content/uploads/2025/02/Call-girls-phone-number-dehradun.jpg,200,,,0,,0,0,,False,1,False,2,46,True,540,False
https://escortsbookings.com/wp-content/uploads/2025/02/Call-girls-with-pictures.jpg,200,,,0,,0,0,,False,1,False,2,46,True,540,False
https://escortsbookings.com/wp-content/uploads/2025/02/Cheap-call-girls-in-dehradun.jpg,200,,,0,,0,0,,False,1,False,2,46,True,540,False
https://escortsbookings.com/wp-content/uploads/2025/02/Curvy-call-girls-available.jpg,200,,,0,,0,0,,False,1,False,2,46,True,540,False
https://escortsbookings.com/wp-content/uploads/2025/02/Dehradun-Luxury-escort-service.jpg,200,,,0,,0,0,,False,1,False,2,46,True,540,False
https://escortsbookings.com/wp-content/uploads/2025/02/Dehradun-call-girl-rates-1.jpg,200,,,0,,0,0,,False,1,False,2,46,True,540,False
https://escortsbookings.com/wp-content/uploads/2025/02/Dehradun-call-girl-rates.jpg,200,,,0,,0,0,,False,1,False,2,46,True,540,False
https://escortsbookings.com/wp-content/uploads/2025/02/Dehradun-call-girls-availability.jpg,200,,,0,,0,0,,False,1,False,2,46,True,540,False
https://escortsbookings.com/wp-content/uploads/2025/02/Dehradun-call-girls-for-party.jpg,200,,,0,,0,0,,False,1,False,2,46,True,540,False
https://escortsbookings.com/wp-content/uploads/2025/02/Dehradun-college-escorts.jpg,200,,,0,,0,0,,False,1,False,2,46,True,540,False
https://escortsbookings.com/wp-content/uploads/2025/02/Dehradun-elite-escorts.jpg,200,,,0,,0,0,,False,1,False,2,46,True,540,False
https://escortsbookings.com/wp-content/uploads/2025/02/Dehradun-escort-agency-1.jpg,200,,,0,,0,0,,False,1,False,2,46,True,540,False
https://escortsbookings.com/wp-content/uploads/2025/02/Dehradun-escort-agency-2.jpg,200,,,0,,0,0,,False,1,False,2,46,True,540,False
https://escortsbookings.com/wp-content/uploads/2025/02/Dehradun-escort-girls-rates.jpg,200,,,0,,0,0,,False,1,False,2,46,True,540,False
https://escortsbookings.com/wp-content/uploads/2025/02/Dehradun-escort-price-range.jpg,200,,,0,,0,0,,False,1,False,2,46,True,540,False
https://escortsbookings.com/wp-content/uploads/2025/02/Dehradun-escort-services-near-me.jpg,200,,,0,,0,0,,False,1,False,2,46,True,540,False
https://escortsbookings.com/wp-content/uploads/2025/02/Dehradun-escorts.jpg,200,,,0,,0,0,,False,1,False,2,46,True,540,False
https://escortsbookings.com/wp-content/uploads/2025/02/Dehradun-female-escort-directory.jpg,200,,,0,,0,0,,False,1,False,2,46,True,540,False
https://escortsbookings.com/wp-content/uploads/2025/02/Dehradun-female-escorts-1.jpg,200,,,0,,0,0,,False,1,False,2,46,True,540,False
https://escortsbookings.com/wp-content/uploads/2025/02/Dehradun-female-escorts.jpg,200,,,0,,0,0,,False,1,False,2,46,True,540,False
https://escortsbookings.com/wp-content/uploads/2025/02/Dehradun-high-profile-escorts.jpg,200,,,0,,0,0,,False,1,False,2,46,True,540,False
https://escortsbookings.com/wp-content/uploads/2025/02/Dehradun-housewife-escorts.jpg,200,,,0,,0,0,,False,1,False,2,46,True,540,False
https://escortsbookings.com/wp-content/uploads/2025/02/Dehradun-independent-escort-rates.jpg,200,,,0,,0,0,,False,1,False,2,46,True,540,False
https://escortsbookings.com/wp-content/uploads/2025/02/Dehradun-independent-escorts.jpg,200,,,0,,0,0,,False,1,False,2,46,True,540,False
https://escortsbookings.com/wp-content/uploads/2025/02/Dehradun-indian-escorts.jpg,200,,,0,,0,0,,False,1,False,2,46,True,540,False
https://escortsbookings.com/wp-content/uploads/2025/02/Dehradun-nightlife-escort-services-1.jpg,200,,,0,,0,0,,False,1,False,2,46,True,540,False
https://escortsbookings.com/wp-content/uploads/2025/02/Dehradun-nightlife-escort-services.jpg,200,,,0,,0,0,,False,1,False,2,46,True,540,False
https://escortsbookings.com/wp-content/uploads/2025/02/Dehradun-russian-escorts.jpg,200,,,0,,0,0,,False,1,False,2,46,True,540,False
https://escortsbookings.com/wp-content/uploads/2025/02/Dehradun-vip-escorts.jpg,200,,,0,,0,0,,False,1,False,2,46,True,540,False
https://escortsbookings.com/wp-content/uploads/2025/02/Desi-call-girls-in-dehradun-1.jpg,200,,,0,,0,0,,False,1,False,2,46,True,540,False
https://escortsbookings.com/wp-content/uploads/2025/02/Desi-call-girls-in-dehradun.jpg,200,,,0,,0,0,,False,1,False,2,46,True,540,False
https://escortsbookings.com/wp-content/uploads/2025/02/Discreet-call-girls-in-dehradun.jpg,200,,,0,,0,0,,False,1,False,2,46,True,540,False
https://escortsbookings.com/wp-content/uploads/2025/02/Elegant-vip-escorts.jpg,200,,,0,,0,0,,False,1,False,2,46,True,540,False
https://escortsbookings.com/wp-content/uploads/2025/02/Elite-call-girls-in-dehradun.jpg,200,,,0,,0,0,,False,1,False,2,46,True,540,False
https://escortsbookings.com/wp-content/uploads/2025/02/Erotic-massage-call-girls.jpg,200,,,0,,0,0,,False,1,False,2,46,True,540,False
https://escortsbookings.com/wp-content/uploads/2025/02/Escort-booking-tips-dehradun.jpg,200,,,0,,0,0,,False,1,False,2,46,True,540,False
https://escortsbookings.com/wp-content/uploads/2025/02/Escort-contact-numbers-dehradun.jpg,200,,,0,,0,0,,False,1,False,2,46,True,540,False
https://escortsbookings.com/wp-content/uploads/2025/02/Escort-girl-reviews-dehradun.jpg,200,,,0,,0,0,,False,1,False,2,46,True,540,False
https://escortsbookings.com/wp-content/uploads/2025/02/Escort-girl-selection-dehradun.jpg,200,,,0,,0,0,,False,1,False,2,46,True,540,False
https://escortsbookings.com/wp-content/uploads/2025/02/Escort-girls-dehradun-online.jpg,200,,,0,,0,0,,False,1,False,2,46,True,540,False
https://escortsbookings.com/wp-content/uploads/2025/02/Escort-girls-near-me-1.jpg,200,,,0,,0,0,,False,1,False,2,46,True,540,False
https://escortsbookings.com/wp-content/uploads/2025/02/Escort-girls-near-me.jpg,200,,,0,,0,0,,False,1,False,2,46,True,540,False
https://escortsbookings.com/wp-content/uploads/2025/02/Escort-options-in-dehradun.jpg,200,,,0,,0,0,,False,1,False,2,46,True,540,False
https://escortsbookings.com/wp-content/uploads/2025/02/Escort-profiles-dehradun-girls.jpg,200,,,0,,0,0,,False,1,False,2,46,True,540,False
https://escortsbookings.com/wp-content/uploads/2025/02/Escort-profiles-for-dehradun-city.jpg,200,,,0,,0,0,,False,1,False,2,46,True,540,False
https://escortsbookings.com/wp-content/uploads/2025/02/Escort-services-in-dehradun-for-tourists.jpg,200,,,0,,0,0,,False,1,False,2,46,True,540,False
https://escortsbookings.com/wp-content/uploads/2025/02/Escorts-dehradun-availability.jpg,200,,,0,,0,0,,False,1,False,2,46,True,540,False
https://escortsbookings.com/wp-content/uploads/2025/02/Escorts-dehradun-booking-service.jpg,200,,,0,,0,0,,False,1,False,2,46,True,540,False
https://escortsbookings.com/wp-content/uploads/2025/02/Escorts-for-special-events-dehradun.jpg,200,,,0,,0,0,,False,1,False,2,46,True,540,False
https://escortsbookings.com/wp-content/uploads/2025/02/Escorts-in-dehradun-for-parties.jpg,200,,,0,,0,0,,False,1,False,2,46,True,540,False
https://escortsbookings.com/wp-content/uploads/2025/02/Escorts-services-in-dehradun-for-tourists.png,200,,,0,,0,0,,False,1,False,2,45,True,537,False
https://escortsbookings.com/wp-content/uploads/2025/02/Exclusive-escort-services-1.jpg,200,,,0,,0,0,,False,1,False,2,46,True,540,False
https://escortsbookings.com/wp-content/uploads/2025/02/Exclusive-escort-services.jpg,200,,,0,,0,0,,False,1,False,2,46,True,540,False
https://escortsbookings.com/wp-content/uploads/2025/02/Exclusive-independent-call-girls.jpg,200,,,0,,0,0,,False,1,False,2,46,True,540,False
https://escortsbookings.com/wp-content/uploads/2025/02/Exotic-escort-girls-in-dehradun.jpg,200,,,0,,0,0,,False,1,False,2,46,True,540,False
https://escortsbookings.com/wp-content/uploads/2025/02/Female-companions-dehradun.jpg,200,,,0,,0,0,,False,1,False,2,46,True,540,False
https://escortsbookings.com/wp-content/uploads/2025/02/Female-escorts-in-dehradun.jpg,200,,,0,,0,0,,False,1,False,2,46,True,540,False
https://escortsbookings.com/wp-content/uploads/2025/02/Foreigner-call-girls-in-dehradun.jpg,200,,,0,,0,0,,False,1,False,2,46,True,540,False
https://escortsbookings.com/wp-content/uploads/2025/02/Genuine-escort-service-1.jpg,200,,,0,,0,0,,False,1,False,2,46,True,540,False
https://escortsbookings.com/wp-content/uploads/2025/02/Genuine-escort-service.jpg,200,,,0,,0,0,,False,1,False,2,46,True,540,False
https://escortsbookings.com/wp-content/uploads/2025/02/High-end-escort-models-1.jpg,200,,,0,,0,0,,False,1,False,2,46,True,540,False
https://escortsbookings.com/wp-content/uploads/2025/02/High-end-escort-models.jpg,200,,,0,,0,0,,False,1,False,2,46,True,540,False
https://escortsbookings.com/wp-content/uploads/2025/02/High-profile-escorts-in-dehradun.jpg,200,,,0,,0,0,,False,1,False,2,46,True,540,False
https://escortsbookings.com/wp-content/uploads/2025/02/Hot-call-girls-in-dehradun.jpg,200,,,0,,0,0,,False,1,False,2,46,True,540,False
https://escortsbookings.com/wp-content/uploads/2025/02/Hot-independent-escorts-dehradun.jpg,200,,,0,,0,0,,False,1,False,2,46,True,540,False
https://escortsbookings.com/wp-content/uploads/2025/02/Independent-call-girls-in-dehradun-1.jpg,200,,,0,,0,0,,False,1,False,2,46,True,540,False
https://escortsbookings.com/wp-content/uploads/2025/02/Independent-call-girls-in-dehradun.jpg,200,,,0,,0,0,,False,1,False,2,46,True,540,False
https://escortsbookings.com/wp-content/uploads/2025/02/Independent-escorts-near-me-1.jpg,200,,,0,,0,0,,False,1,False,2,46,True,540,False
https://escortsbookings.com/wp-content/uploads/2025/02/Indian-model-escorts.jpg,200,,,0,,0,0,,False,1,False,2,46,True,540,False
https://escortsbookings.com/wp-content/uploads/2025/02/Late-night-escort-booking-1.jpg,200,,,0,,0,0,,False,1,False,2,46,True,540,False
https://escortsbookings.com/wp-content/uploads/2025/02/Late-night-escort-booking.jpg,200,,,0,,0,0,,False,1,False,2,46,True,540,False
https://escortsbookings.com/wp-content/uploads/2025/02/Local-dehradun-escort-agency.jpg,200,,,0,,0,0,,False,1,False,2,46,True,540,False
https://escortsbookings.com/wp-content/uploads/2025/02/Local-dehradun-escort-girls.jpg,200,,,0,,0,0,,False,1,False,2,46,True,540,False
https://escortsbookings.com/wp-content/uploads/2025/02/Local-escorts-in-dehradun-for-tourists.jpg,200,,,0,,0,0,,False,1,False,2,46,True,540,False
https://escortsbookings.com/wp-content/uploads/2025/02/Luxury-model-escorts-1.jpg,200,,,0,,0,0,,False,1,False,2,46,True,540,False
https://escortsbookings.com/wp-content/uploads/2025/02/Luxury-model-escorts.jpg,200,,,0,,0,0,,False,1,False,2,46,True,540,False
https://escortsbookings.com/wp-content/uploads/2025/02/Mature-escorts-dehradun.jpg,200,,,0,,0,0,,False,1,False,2,46,True,540,False
https://escortsbookings.com/wp-content/uploads/2025/02/Mature-escorts-for-companionship-1.jpg,200,,,0,,0,0,,False,1,False,2,46,True,540,False
https://escortsbookings.com/wp-content/uploads/2025/02/Mature-escorts-for-companionship.jpg,200,,,0,,0,0,,False,1,False,2,46,True,540,False
https://escortsbookings.com/wp-content/uploads/2025/02/No.1-escort-service-in-dehradun-1.jpg,200,,,0,,0,0,,False,1,False,2,46,True,540,False
https://escortsbookings.com/wp-content/uploads/2025/02/No.1-escort-service-in-dehradun.jpg,200,,,0,,0,0,,False,1,False,2,46,True,540,False
https://escortsbookings.com/wp-content/uploads/2025/02/Online-escort-booking-dehradun-1.jpg,200,,,0,,0,0,,False,1,False,2,46,True,540,False
https://escortsbookings.com/wp-content/uploads/2025/02/Online-escort-booking-dehradun.jpg,200,,,0,,0,0,,False,1,False,2,46,True,540,False
https://escortsbookings.com/wp-content/uploads/2025/02/Online-escort-girls-dehradun.jpg,200,,,0,,0,0,,False,1,False,2,46,True,540,False
https://escortsbookings.com/wp-content/uploads/2025/02/Popular-call-girls-dehradun.jpg,200,,,0,,0,0,,False,1,False,2,46,True,540,False
https://escortsbookings.com/wp-content/uploads/2025/02/Premium-call-girls-in-dehradun.jpg,200,,,0,,0,0,,False,1,False,2,46,True,540,False
https://escortsbookings.com/wp-content/uploads/2025/02/Premium-class-escort-girls.jpg,200,,,0,,0,0,,False,1,False,2,46,True,540,False
https://escortsbookings.com/wp-content/uploads/2025/02/Private-apartment-escort-booking-1.jpg,200,,,0,,0,0,,False,1,False,2,46,True,540,False
https://escortsbookings.com/wp-content/uploads/2025/02/Private-apartment-escort-booking.jpg,200,,,0,,0,0,,False,1,False,2,46,True,540,False
https://escortsbookings.com/wp-content/uploads/2025/02/Private-call-girls-contact-1.jpg,200,,,0,,0,0,,False,1,False,2,46,True,540,False
https://escortsbookings.com/wp-content/uploads/2025/02/Private-call-girls-contact.jpg,200,,,0,,0,0,,False,1,False,2,46,True,540,False
https://escortsbookings.com/wp-content/uploads/2025/02/Professional-escort-girls-dehradun-city.jpg,200,,,0,,0,0,,False,1,False,2,46,True,540,False
https://escortsbookings.com/wp-content/uploads/2025/02/Professional-escort-girls-dehradun.jpg,200,,,0,,0,0,,False,1,False,2,46,True,540,False
https://escortsbookings.com/wp-content/uploads/2025/02/Punjabi-call-girls-in-Dehradun-1.jpg,200,,,0,,0,0,,False,1,False,2,46,True,540,False
https://escortsbookings.com/wp-content/uploads/2025/02/Punjabi-call-girls-in-Dehradun.jpg,404,,,0,,0,0,,False,1,False,2,0,False,,False
https://escortsbookings.com/wp-content/uploads/2025/02/Quality-escort-girls-in-dehradun.jpg,200,,,0,,0,0,,False,1,False,2,46,True,540,False
https://escortsbookings.com/wp-content/uploads/2025/02/Quick-booking-call-girls-dehradun.jpg,200,,,0,,0,0,,False,1,False,2,46,True,540,False
https://escortsbookings.com/wp-content/uploads/2025/02/Real-girlfriend-experience-escort.jpg,200,,,0,,0,0,,False,1,False,2,46,True,540,False
https://escortsbookings.com/wp-content/uploads/2025/02/Real-girlfriend-experience-escorts.jpg,200,,,0,,0,0,,False,1,False,2,46,True,540,False
https://escortsbookings.com/wp-content/uploads/2025/02/Romantic-date-escort.jpg,200,,,0,,0,0,,False,1,False,2,46,True,540,False
https://escortsbookings.com/wp-content/uploads/2025/02/Safe-escort-service-in-dehradun.jpg,200,,,0,,0,0,,False,1,False,2,46,True,540,False
https://escortsbookings.com/wp-content/uploads/2025/02/Sensual-massage-services.jpg,200,,,0,,0,0,,False,1,False,2,46,True,540,False
https://escortsbookings.com/wp-content/uploads/2025/02/Sexy-female-escorts-dehradun.jpg,200,,,0,,0,0,,False,1,False,2,46,True,540,False
https://escortsbookings.com/wp-content/uploads/2025/02/Sexy-housewife-escorts.jpg,200,,,0,,0,0,,False,1,False,2,46,True,540,False
https://escortsbookings.com/wp-content/uploads/2025/02/Slim-escorts-in-Dehradun-1.jpg,200,,,0,,0,0,,False,1,False,2,46,True,540,False
https://escortsbookings.com/wp-content/uploads/2025/02/Slim-escorts-in-dehradun.jpg,200,,,0,,0,0,,False,1,False,2,46,True,540,False
https://escortsbookings.com/wp-content/uploads/2025/02/Stylish-female-escorts.jpg,200,,,0,,0,0,,False,1,False,2,46,True,540,False
https://escortsbookings.com/wp-content/uploads/2025/02/Top-escort-girls-in-dehradun.jpg,200,,,0,,0,0,,False,1,False,2,46,True,540,False
https://escortsbookings.com/wp-content/uploads/2025/02/Top-rated-escorts-in-dehradun-2.jpg,200,,,0,,0,0,,False,1,False,2,46,True,540,False
https://escortsbookings.com/wp-content/uploads/2025/02/Upscale-call-girls-Dehradun-1.jpg,200,,,0,,0,0,,False,1,False,2,46,True,540,False
https://escortsbookings.com/wp-content/uploads/2025/02/Upscale-call-girls-dehradun.jpg,200,,,0,,0,0,,False,1,False,2,46,True,540,False
https://escortsbookings.com/wp-content/uploads/2025/02/VIP-Russian-escorts-1.jpg,200,,,0,,0,0,,False,1,False,2,46,True,540,False
https://escortsbookings.com/wp-content/uploads/2025/02/VIP-escort-service-in-dehradun.jpg,200,,,0,,0,0,,False,1,False,2,46,True,540,False
https://escortsbookings.com/wp-content/uploads/2025/02/Verified-Dehradun-escorts-1.jpg,200,,,0,,0,0,,False,1,False,2,46,True,540,False
https://escortsbookings.com/wp-content/uploads/2025/02/Young-call-girls-in-dehradun.jpg,200,,,0,,0,0,,False,1,False,2,46,True,540,False
https://escortsbookings.com/wp-content/uploads/2025/02/Young-escort-girls-dehradun.jpg,200,,,0,,0,0,,False,1,False,2,46,True,540,False
https://escortsbookings.com/wp-login.php,200,,Call Girls in Dehradun | Rajpur Road Dehradun Escort Service 24/7 For Fun,73,,1,28,,False,55,False,1,30,False,,True
https://escortsbookings.com/wp-login.php?action=register,200,,Call Girls in Dehradun | Rajpur Road Dehradun Escort Service 24/7 For Fun,73,,0,66,,False,56,False,1,30,False,,True
